"Geography Type Description","Geography Name","Sits in State","GeoID","Formatted GeoID","Percent Housing Units with 0 Vehicles Available","Data Time Period","Geographic Vintage","Data Source","Selected Location"
"GeoID_Description","GeoID_Name","SitsinState","GeoID","GeoID_Formatted","phunomv","TimeFrame","GeoVintage","Source","Location"
"Zip Code Tabulation Area","85003","AZ","85003","=""85003""","19.53","2020-2024","2020","Census","Arizona (State)"
"Zip Code Tabulation Area","85004","AZ","85004","=""85004""","13.58","2020-2024","2020","Census","Arizona (State)"
"Zip Code Tabulation Area","85006","AZ","85006","=""85006""","12.62","2020-2024","2020","Census","Arizona (State)"
"Zip Code Tabulation Area","85007","AZ","85007","=""85007""","14.30","2020-2024","2020","Census","Arizona (State)"
"Zip Code Tabulation Area","85008","AZ","85008","=""85008""","7.29","2020-2024","2020","Census","Arizona (State)"
"Zip Code Tabulation Area","85009","AZ","85009","=""85009""","9.72","2020-2024","2020","Census","Arizona (State)"
"Zip Code Tabulation Area","85012","AZ","85012","=""85012""","8.51","2020-2024","2020","Census","Arizona (State)"
"Zip Code Tabulation Area","85013","AZ","85013","=""85013""","12.25","2020-2024","2020","Census","Arizona (State)"
"Zip Code Tabulation Area","85014","AZ","85014","=""85014""","8.16","2020-2024","2020","Census","Arizona (State)"
"Zip Code Tabulation Area","85015","AZ","85015","=""85015""","15.56","2020-2024","2020","Census","Arizona (State)"
"Zip Code Tabulation Area","85016","AZ","85016","=""85016""","6.15","2020-2024","2020","Census","Arizona (State)"
"Zip Code Tabulation Area","85017","AZ","85017","=""85017""","14.04","2020-2024","2020","Census","Arizona (State)"
"Zip Code Tabulation Area","85018","AZ","85018","=""85018""","9.30","2020-2024","2020","Census","Arizona (State)"
"Zip Code Tabulation Area","85019","AZ","85019","=""85019""","9.44","2020-2024","2020","Census","Arizona (State)"
"Zip Code Tabulation Area","85020","AZ","85020","=""85020""","9.68","2020-2024","2020","Census","Arizona (State)"
"Zip Code Tabulation Area","85021","AZ","85021","=""85021""","12.61","2020-2024","2020","Census","Arizona (State)"
"Zip Code Tabulation Area","85022","AZ","85022","=""85022""","4.19","2020-2024","2020","Census","Arizona (State)"
"Zip Code Tabulation Area","85023","AZ","85023","=""85023""","7.51","2020-2024","2020","Census","Arizona (State)"
"Zip Code Tabulation Area","85024","AZ","85024","=""85024""","2.46","2020-2024","2020","Census","Arizona (State)"
"Zip Code Tabulation Area","85026","AZ","85026","=""85026""","N/A","2020-2024","2020","Census","Arizona (State)"
"Zip Code Tabulation Area","85027","AZ","85027","=""85027""","5.73","2020-2024","2020","Census","Arizona (State)"
"Zip Code Tabulation Area","85028","AZ","85028","=""85028""","2.38","2020-2024","2020","Census","Arizona (State)"
"Zip Code Tabulation Area","85029","AZ","85029","=""85029""","7.87","2020-2024","2020","Census","Arizona (State)"
"Zip Code Tabulation Area","85031","AZ","85031","=""85031""","4.14","2020-2024","2020","Census","Arizona (State)"
"Zip Code Tabulation Area","85032","AZ","85032","=""85032""","5.39","2020-2024","2020","Census","Arizona (State)"
"Zip Code Tabulation Area","85033","AZ","85033","=""85033""","7.65","2020-2024","2020","Census","Arizona (State)"
"Zip Code Tabulation Area","85034","AZ","85034","=""85034""","15.54","2020-2024","2020","Census","Arizona (State)"
"Zip Code Tabulation Area","85035","AZ","85035","=""85035""","6.13","2020-2024","2020","Census","Arizona (State)"
"Zip Code Tabulation Area","85037","AZ","85037","=""85037""","4.24","2020-2024","2020","Census","Arizona (State)"
"Zip Code Tabulation Area","85040","AZ","85040","=""85040""","11.48","2020-2024","2020","Census","Arizona (State)"
"Zip Code Tabulation Area","85041","AZ","85041","=""85041""","5.39","2020-2024","2020","Census","Arizona (State)"
"Zip Code Tabulation Area","85042","AZ","85042","=""85042""","5.51","2020-2024","2020","Census","Arizona (State)"
"Zip Code Tabulation Area","85043","AZ","85043","=""85043""","3.72","2020-2024","2020","Census","Arizona (State)"
"Zip Code Tabulation Area","85044","AZ","85044","=""85044""","3.27","2020-2024","2020","Census","Arizona (State)"
"Zip Code Tabulation Area","85045","AZ","85045","=""85045""","1.18","2020-2024","2020","Census","Arizona (State)"
"Zip Code Tabulation Area","85048","AZ","85048","=""85048""","1.55","2020-2024","2020","Census","Arizona (State)"
"Zip Code Tabulation Area","85050","AZ","85050","=""85050""","2.21","2020-2024","2020","Census","Arizona (State)"
"Zip Code Tabulation Area","85051","AZ","85051","=""85051""","9.48","2020-2024","2020","Census","Arizona (State)"
"Zip Code Tabulation Area","85053","AZ","85053","=""85053""","5.73","2020-2024","2020","Census","Arizona (State)"
"Zip Code Tabulation Area","85054","AZ","85054","=""85054""","3.66","2020-2024","2020","Census","Arizona (State)"
"Zip Code Tabulation Area","85083","AZ","85083","=""85083""","1.09","2020-2024","2020","Census","Arizona (State)"
"Zip Code Tabulation Area","85085","AZ","85085","=""85085""","2.12","2020-2024","2020","Census","Arizona (State)"
"Zip Code Tabulation Area","85086","AZ","85086","=""85086""","2.30","2020-2024","2020","Census","Arizona (State)"
"Zip Code Tabulation Area","85087","AZ","85087","=""85087""","1.44","2020-2024","2020","Census","Arizona (State)"
"Zip Code Tabulation Area","85118","AZ","85118","=""85118""","2.06","2020-2024","2020","Census","Arizona (State)"
"Zip Code Tabulation Area","85119","AZ","85119","=""85119""","3.68","2020-2024","2020","Census","Arizona (State)"
"Zip Code Tabulation Area","85120","AZ","85120","=""85120""","7.05","2020-2024","2020","Census","Arizona (State)"
"Zip Code Tabulation Area","85121","AZ","85121","=""85121""","19.80","2020-2024","2020","Census","Arizona (State)"
"Zip Code Tabulation Area","85122","AZ","85122","=""85122""","4.58","2020-2024","2020","Census","Arizona (State)"
"Zip Code Tabulation Area","85123","AZ","85123","=""85123""","2.37","2020-2024","2020","Census","Arizona (State)"
"Zip Code Tabulation Area","85128","AZ","85128","=""85128""","10.10","2020-2024","2020","Census","Arizona (State)"
"Zip Code Tabulation Area","85131","AZ","85131","=""85131""","10.19","2020-2024","2020","Census","Arizona (State)"
"Zip Code Tabulation Area","85132","AZ","85132","=""85132""","3.44","2020-2024","2020","Census","Arizona (State)"
"Zip Code Tabulation Area","85135","AZ","85135","=""85135""","20.83","2020-2024","2020","Census","Arizona (State)"
"Zip Code Tabulation Area","85137","AZ","85137","=""85137""","7.57","2020-2024","2020","Census","Arizona (State)"
"Zip Code Tabulation Area","85138","AZ","85138","=""85138""","2.90","2020-2024","2020","Census","Arizona (State)"
"Zip Code Tabulation Area","85139","AZ","85139","=""85139""","3.06","2020-2024","2020","Census","Arizona (State)"
"Zip Code Tabulation Area","85140","AZ","85140","=""85140""","0.97","2020-2024","2020","Census","Arizona (State)"
"Zip Code Tabulation Area","85141","AZ","85141","=""85141""","1.22","2020-2024","2020","Census","Arizona (State)"
"Zip Code Tabulation Area","85142","AZ","85142","=""85142""","1.56","2020-2024","2020","Census","Arizona (State)"
"Zip Code Tabulation Area","85143","AZ","85143","=""85143""","3.62","2020-2024","2020","Census","Arizona (State)"
"Zip Code Tabulation Area","85145","AZ","85145","=""85145""","0.89","2020-2024","2020","Census","Arizona (State)"
"Zip Code Tabulation Area","85147","AZ","85147","=""85147""","20.32","2020-2024","2020","Census","Arizona (State)"
"Zip Code Tabulation Area","85172","AZ","85172","=""85172""","2.33","2020-2024","2020","Census","Arizona (State)"
"Zip Code Tabulation Area","85173","AZ","85173","=""85173""","5.12","2020-2024","2020","Census","Arizona (State)"
"Zip Code Tabulation Area","85191","AZ","85191","=""85191""","0.00","2020-2024","2020","Census","Arizona (State)"
"Zip Code Tabulation Area","85192","AZ","85192","=""85192""","2.68","2020-2024","2020","Census","Arizona (State)"
"Zip Code Tabulation Area","85193","AZ","85193","=""85193""","1.04","2020-2024","2020","Census","Arizona (State)"
"Zip Code Tabulation Area","85194","AZ","85194","=""85194""","1.18","2020-2024","2020","Census","Arizona (State)"
"Zip Code Tabulation Area","85201","AZ","85201","=""85201""","10.11","2020-2024","2020","Census","Arizona (State)"
"Zip Code Tabulation Area","85202","AZ","85202","=""85202""","7.00","2020-2024","2020","Census","Arizona (State)"
"Zip Code Tabulation Area","85203","AZ","85203","=""85203""","5.76","2020-2024","2020","Census","Arizona (State)"
"Zip Code Tabulation Area","85204","AZ","85204","=""85204""","3.36","2020-2024","2020","Census","Arizona (State)"
"Zip Code Tabulation Area","85205","AZ","85205","=""85205""","4.96","2020-2024","2020","Census","Arizona (State)"
"Zip Code Tabulation Area","85206","AZ","85206","=""85206""","7.27","2020-2024","2020","Census","Arizona (State)"
"Zip Code Tabulation Area","85207","AZ","85207","=""85207""","3.00","2020-2024","2020","Census","Arizona (State)"
"Zip Code Tabulation Area","85208","AZ","85208","=""85208""","4.22","2020-2024","2020","Census","Arizona (State)"
"Zip Code Tabulation Area","85209","AZ","85209","=""85209""","4.47","2020-2024","2020","Census","Arizona (State)"
"Zip Code Tabulation Area","85210","AZ","85210","=""85210""","5.56","2020-2024","2020","Census","Arizona (State)"
"Zip Code Tabulation Area","85212","AZ","85212","=""85212""","2.27","2020-2024","2020","Census","Arizona (State)"
"Zip Code Tabulation Area","85213","AZ","85213","=""85213""","4.64","2020-2024","2020","Census","Arizona (State)"
"Zip Code Tabulation Area","85215","AZ","85215","=""85215""","3.21","2020-2024","2020","Census","Arizona (State)"
"Zip Code Tabulation Area","85224","AZ","85224","=""85224""","3.72","2020-2024","2020","Census","Arizona (State)"
"Zip Code Tabulation Area","85225","AZ","85225","=""85225""","4.18","2020-2024","2020","Census","Arizona (State)"
"Zip Code Tabulation Area","85226","AZ","85226","=""85226""","2.75","2020-2024","2020","Census","Arizona (State)"
"Zip Code Tabulation Area","85233","AZ","85233","=""85233""","2.75","2020-2024","2020","Census","Arizona (State)"
"Zip Code Tabulation Area","85234","AZ","85234","=""85234""","1.76","2020-2024","2020","Census","Arizona (State)"
"Zip Code Tabulation Area","85236","AZ","85236","=""85236""","N/A","2020-2024","2020","Census","Arizona (State)"
"Zip Code Tabulation Area","85248","AZ","85248","=""85248""","4.90","2020-2024","2020","Census","Arizona (State)"
"Zip Code Tabulation Area","85249","AZ","85249","=""85249""","1.91","2020-2024","2020","Census","Arizona (State)"
"Zip Code Tabulation Area","85250","AZ","85250","=""85250""","4.85","2020-2024","2020","Census","Arizona (State)"
"Zip Code Tabulation Area","85251","AZ","85251","=""85251""","4.72","2020-2024","2020","Census","Arizona (State)"
"Zip Code Tabulation Area","85253","AZ","85253","=""85253""","1.65","2020-2024","2020","Census","Arizona (State)"
"Zip Code Tabulation Area","85254","AZ","85254","=""85254""","3.46","2020-2024","2020","Census","Arizona (State)"
"Zip Code Tabulation Area","85255","AZ","85255","=""85255""","2.56","2020-2024","2020","Census","Arizona (State)"
"Zip Code Tabulation Area","85256","AZ","85256","=""85256""","11.61","2020-2024","2020","Census","Arizona (State)"
"Zip Code Tabulation Area","85257","AZ","85257","=""85257""","4.96","2020-2024","2020","Census","Arizona (State)"
"Zip Code Tabulation Area","85258","AZ","85258","=""85258""","2.56","2020-2024","2020","Census","Arizona (State)"
"Zip Code Tabulation Area","85259","AZ","85259","=""85259""","4.01","2020-2024","2020","Census","Arizona (State)"
"Zip Code Tabulation Area","85260","AZ","85260","=""85260""","3.44","2020-2024","2020","Census","Arizona (State)"
"Zip Code Tabulation Area","85262","AZ","85262","=""85262""","1.00","2020-2024","2020","Census","Arizona (State)"
"Zip Code Tabulation Area","85263","AZ","85263","=""85263""","3.40","2020-2024","2020","Census","Arizona (State)"
"Zip Code Tabulation Area","85264","AZ","85264","=""85264""","7.62","2020-2024","2020","Census","Arizona (State)"
"Zip Code Tabulation Area","85266","AZ","85266","=""85266""","0.00","2020-2024","2020","Census","Arizona (State)"
"Zip Code Tabulation Area","85268","AZ","85268","=""85268""","1.42","2020-2024","2020","Census","Arizona (State)"
"Zip Code Tabulation Area","85281","AZ","85281","=""85281""","13.23","2020-2024","2020","Census","Arizona (State)"
"Zip Code Tabulation Area","85282","AZ","85282","=""85282""","6.32","2020-2024","2020","Census","Arizona (State)"
"Zip Code Tabulation Area","85283","AZ","85283","=""85283""","3.58","2020-2024","2020","Census","Arizona (State)"
"Zip Code Tabulation Area","85284","AZ","85284","=""85284""","2.10","2020-2024","2020","Census","Arizona (State)"
"Zip Code Tabulation Area","85286","AZ","85286","=""85286""","2.80","2020-2024","2020","Census","Arizona (State)"
"Zip Code Tabulation Area","85295","AZ","85295","=""85295""","2.34","2020-2024","2020","Census","Arizona (State)"
"Zip Code Tabulation Area","85296","AZ","85296","=""85296""","2.44","2020-2024","2020","Census","Arizona (State)"
"Zip Code Tabulation Area","85297","AZ","85297","=""85297""","3.02","2020-2024","2020","Census","Arizona (State)"
"Zip Code Tabulation Area","85298","AZ","85298","=""85298""","1.97","2020-2024","2020","Census","Arizona (State)"
"Zip Code Tabulation Area","85301","AZ","85301","=""85301""","11.20","2020-2024","2020","Census","Arizona (State)"
"Zip Code Tabulation Area","85302","AZ","85302","=""85302""","9.14","2020-2024","2020","Census","Arizona (State)"
"Zip Code Tabulation Area","85303","AZ","85303","=""85303""","2.36","2020-2024","2020","Census","Arizona (State)"
"Zip Code Tabulation Area","85304","AZ","85304","=""85304""","3.50","2020-2024","2020","Census","Arizona (State)"
"Zip Code Tabulation Area","85305","AZ","85305","=""85305""","4.20","2020-2024","2020","Census","Arizona (State)"
"Zip Code Tabulation Area","85306","AZ","85306","=""85306""","6.34","2020-2024","2020","Census","Arizona (State)"
"Zip Code Tabulation Area","85307","AZ","85307","=""85307""","6.54","2020-2024","2020","Census","Arizona (State)"
"Zip Code Tabulation Area","85308","AZ","85308","=""85308""","2.61","2020-2024","2020","Census","Arizona (State)"
"Zip Code Tabulation Area","85309","AZ","85309","=""85309""","N/A","2020-2024","2020","Census","Arizona (State)"
"Zip Code Tabulation Area","85310","AZ","85310","=""85310""","1.84","2020-2024","2020","Census","Arizona (State)"
"Zip Code Tabulation Area","85320","AZ","85320","=""85320""","0.00","2020-2024","2020","Census","Arizona (State)"
"Zip Code Tabulation Area","85321","AZ","85321","=""85321""","9.66","2020-2024","2020","Census","Arizona (State)"
"Zip Code Tabulation Area","85322","AZ","85322","=""85322""","0.00","2020-2024","2020","Census","Arizona (State)"
"Zip Code Tabulation Area","85323","AZ","85323","=""85323""","6.11","2020-2024","2020","Census","Arizona (State)"
"Zip Code Tabulation Area","85324","AZ","85324","=""85324""","0.00","2020-2024","2020","Census","Arizona (State)"
"Zip Code Tabulation Area","85325","AZ","85325","=""85325""","3.43","2020-2024","2020","Census","Arizona (State)"
"Zip Code Tabulation Area","85326","AZ","85326","=""85326""","3.80","2020-2024","2020","Census","Arizona (State)"
"Zip Code Tabulation Area","85328","AZ","85328","=""85328""","6.51","2020-2024","2020","Census","Arizona (State)"
"Zip Code Tabulation Area","85329","AZ","85329","=""85329""","21.04","2020-2024","2020","Census","Arizona (State)"
"Zip Code Tabulation Area","85331","AZ","85331","=""85331""","1.94","2020-2024","2020","Census","Arizona (State)"
"Zip Code Tabulation Area","85332","AZ","85332","=""85332""","0.00","2020-2024","2020","Census","Arizona (State)"
"Zip Code Tabulation Area","85333","AZ","85333","=""85333""","8.23","2020-2024","2020","Census","Arizona (State)"
"Zip Code Tabulation Area","85334","AZ","85334","=""85334""","0.00","2020-2024","2020","Census","Arizona (State)"
"Zip Code Tabulation Area","85335","AZ","85335","=""85335""","2.71","2020-2024","2020","Census","Arizona (State)"
"Zip Code Tabulation Area","85336","AZ","85336","=""85336""","4.35","2020-2024","2020","Census","Arizona (State)"
"Zip Code Tabulation Area","85337","AZ","85337","=""85337""","5.69","2020-2024","2020","Census","Arizona (State)"
"Zip Code Tabulation Area","85338","AZ","85338","=""85338""","1.78","2020-2024","2020","Census","Arizona (State)"
"Zip Code Tabulation Area","85339","AZ","85339","=""85339""","2.49","2020-2024","2020","Census","Arizona (State)"
"Zip Code Tabulation Area","85340","AZ","85340","=""85340""","0.49","2020-2024","2020","Census","Arizona (State)"
"Zip Code Tabulation Area","85341","AZ","85341","=""85341""","0.00","2020-2024","2020","Census","Arizona (State)"
"Zip Code Tabulation Area","85342","AZ","85342","=""85342""","0.41","2020-2024","2020","Census","Arizona (State)"
"Zip Code Tabulation Area","85343","AZ","85343","=""85343""","N/A","2020-2024","2020","Census","Arizona (State)"
"Zip Code Tabulation Area","85344","AZ","85344","=""85344""","4.73","2020-2024","2020","Census","Arizona (State)"
"Zip Code Tabulation Area","85345","AZ","85345","=""85345""","4.03","2020-2024","2020","Census","Arizona (State)"
"Zip Code Tabulation Area","85346","AZ","85346","=""85346""","8.27","2020-2024","2020","Census","Arizona (State)"
"Zip Code Tabulation Area","85347","AZ","85347","=""85347""","0.00","2020-2024","2020","Census","Arizona (State)"
"Zip Code Tabulation Area","85348","AZ","85348","=""85348""","0.88","2020-2024","2020","Census","Arizona (State)"
"Zip Code Tabulation Area","85349","AZ","85349","=""85349""","7.81","2020-2024","2020","Census","Arizona (State)"
"Zip Code Tabulation Area","85350","AZ","85350","=""85350""","6.28","2020-2024","2020","Census","Arizona (State)"
"Zip Code Tabulation Area","85351","AZ","85351","=""85351""","4.52","2020-2024","2020","Census","Arizona (State)"
"Zip Code Tabulation Area","85352","AZ","85352","=""85352""","0.00","2020-2024","2020","Census","Arizona (State)"
"Zip Code Tabulation Area","85353","AZ","85353","=""85353""","3.94","2020-2024","2020","Census","Arizona (State)"
"Zip Code Tabulation Area","85354","AZ","85354","=""85354""","6.83","2020-2024","2020","Census","Arizona (State)"
"Zip Code Tabulation Area","85355","AZ","85355","=""85355""","1.35","2020-2024","2020","Census","Arizona (State)"
"Zip Code Tabulation Area","85356","AZ","85356","=""85356""","4.16","2020-2024","2020","Census","Arizona (State)"
"Zip Code Tabulation Area","85357","AZ","85357","=""85357""","0.00","2020-2024","2020","Census","Arizona (State)"
"Zip Code Tabulation Area","85360","AZ","85360","=""85360""","0.00","2020-2024","2020","Census","Arizona (State)"
"Zip Code Tabulation Area","85361","AZ","85361","=""85361""","2.04","2020-2024","2020","Census","Arizona (State)"
"Zip Code Tabulation Area","85362","AZ","85362","=""85362""","9.34","2020-2024","2020","Census","Arizona (State)"
"Zip Code Tabulation Area","85363","AZ","85363","=""85363""","8.78","2020-2024","2020","Census","Arizona (State)"
"Zip Code Tabulation Area","85364","AZ","85364","=""85364""","7.46","2020-2024","2020","Census","Arizona (State)"
"Zip Code Tabulation Area","85365","AZ","85365","=""85365""","3.08","2020-2024","2020","Census","Arizona (State)"
"Zip Code Tabulation Area","85367","AZ","85367","=""85367""","4.15","2020-2024","2020","Census","Arizona (State)"
"Zip Code Tabulation Area","85371","AZ","85371","=""85371""","0.00","2020-2024","2020","Census","Arizona (State)"
"Zip Code Tabulation Area","85373","AZ","85373","=""85373""","5.51","2020-2024","2020","Census","Arizona (State)"
"Zip Code Tabulation Area","85374","AZ","85374","=""85374""","3.71","2020-2024","2020","Census","Arizona (State)"
"Zip Code Tabulation Area","85375","AZ","85375","=""85375""","4.14","2020-2024","2020","Census","Arizona (State)"
"Zip Code Tabulation Area","85377","AZ","85377","=""85377""","0.00","2020-2024","2020","Census","Arizona (State)"
"Zip Code Tabulation Area","85378","AZ","85378","=""85378""","6.65","2020-2024","2020","Census","Arizona (State)"
"Zip Code Tabulation Area","85379","AZ","85379","=""85379""","3.48","2020-2024","2020","Census","Arizona (State)"
"Zip Code Tabulation Area","85381","AZ","85381","=""85381""","6.30","2020-2024","2020","Census","Arizona (State)"
"Zip Code Tabulation Area","85382","AZ","85382","=""85382""","6.01","2020-2024","2020","Census","Arizona (State)"
"Zip Code Tabulation Area","85383","AZ","85383","=""85383""","1.79","2020-2024","2020","Census","Arizona (State)"
"Zip Code Tabulation Area","85387","AZ","85387","=""85387""","2.40","2020-2024","2020","Census","Arizona (State)"
"Zip Code Tabulation Area","85388","AZ","85388","=""85388""","1.90","2020-2024","2020","Census","Arizona (State)"
"Zip Code Tabulation Area","85390","AZ","85390","=""85390""","8.11","2020-2024","2020","Census","Arizona (State)"
"Zip Code Tabulation Area","85392","AZ","85392","=""85392""","2.54","2020-2024","2020","Census","Arizona (State)"
"Zip Code Tabulation Area","85395","AZ","85395","=""85395""","2.33","2020-2024","2020","Census","Arizona (State)"
"Zip Code Tabulation Area","85396","AZ","85396","=""85396""","2.86","2020-2024","2020","Census","Arizona (State)"
"Zip Code Tabulation Area","85501","AZ","85501","=""85501""","5.74","2020-2024","2020","Census","Arizona (State)"
"Zip Code Tabulation Area","85530","AZ","85530","=""85530""","24.58","2020-2024","2020","Census","Arizona (State)"
"Zip Code Tabulation Area","85531","AZ","85531","=""85531""","4.41","2020-2024","2020","Census","Arizona (State)"
"Zip Code Tabulation Area","85532","AZ","85532","=""85532""","0.00","2020-2024","2020","Census","Arizona (State)"
"Zip Code Tabulation Area","85533","AZ","85533","=""85533""","1.45","2020-2024","2020","Census","Arizona (State)"
"Zip Code Tabulation Area","85534","AZ","85534","=""85534""","7.17","2020-2024","2020","Census","Arizona (State)"
"Zip Code Tabulation Area","85535","AZ","85535","=""85535""","0.00","2020-2024","2020","Census","Arizona (State)"
"Zip Code Tabulation Area","85536","AZ","85536","=""85536""","6.35","2020-2024","2020","Census","Arizona (State)"
"Zip Code Tabulation Area","85539","AZ","85539","=""85539""","3.05","2020-2024","2020","Census","Arizona (State)"
"Zip Code Tabulation Area","85540","AZ","85540","=""85540""","0.00","2020-2024","2020","Census","Arizona (State)"
"Zip Code Tabulation Area","85541","AZ","85541","=""85541""","4.95","2020-2024","2020","Census","Arizona (State)"
"Zip Code Tabulation Area","85542","AZ","85542","=""85542""","21.57","2020-2024","2020","Census","Arizona (State)"
"Zip Code Tabulation Area","85543","AZ","85543","=""85543""","1.19","2020-2024","2020","Census","Arizona (State)"
"Zip Code Tabulation Area","85544","AZ","85544","=""85544""","0.00","2020-2024","2020","Census","Arizona (State)"
"Zip Code Tabulation Area","85545","AZ","85545","=""85545""","0.00","2020-2024","2020","Census","Arizona (State)"
"Zip Code Tabulation Area","85546","AZ","85546","=""85546""","4.33","2020-2024","2020","Census","Arizona (State)"
"Zip Code Tabulation Area","85550","AZ","85550","=""85550""","25.86","2020-2024","2020","Census","Arizona (State)"
"Zip Code Tabulation Area","85551","AZ","85551","=""85551""","0.00","2020-2024","2020","Census","Arizona (State)"
"Zip Code Tabulation Area","85552","AZ","85552","=""85552""","2.53","2020-2024","2020","Census","Arizona (State)"
"Zip Code Tabulation Area","85553","AZ","85553","=""85553""","9.99","2020-2024","2020","Census","Arizona (State)"
"Zip Code Tabulation Area","85554","AZ","85554","=""85554""","7.66","2020-2024","2020","Census","Arizona (State)"
"Zip Code Tabulation Area","85601","AZ","85601","=""85601""","0.00","2020-2024","2020","Census","Arizona (State)"
"Zip Code Tabulation Area","85602","AZ","85602","=""85602""","8.37","2020-2024","2020","Census","Arizona (State)"
"Zip Code Tabulation Area","85603","AZ","85603","=""85603""","3.80","2020-2024","2020","Census","Arizona (State)"
"Zip Code Tabulation Area","85605","AZ","85605","=""85605""","6.61","2020-2024","2020","Census","Arizona (State)"
"Zip Code Tabulation Area","85606","AZ","85606","=""85606""","6.77","2020-2024","2020","Census","Arizona (State)"
"Zip Code Tabulation Area","85607","AZ","85607","=""85607""","9.10","2020-2024","2020","Census","Arizona (State)"
"Zip Code Tabulation Area","85608","AZ","85608","=""85608""","N/A","2020-2024","2020","Census","Arizona (State)"
"Zip Code Tabulation Area","85609","AZ","85609","=""85609""","0.00","2020-2024","2020","Census","Arizona (State)"
"Zip Code Tabulation Area","85610","AZ","85610","=""85610""","9.18","2020-2024","2020","Census","Arizona (State)"
"Zip Code Tabulation Area","85611","AZ","85611","=""85611""","1.54","2020-2024","2020","Census","Arizona (State)"
"Zip Code Tabulation Area","85613","AZ","85613","=""85613""","1.10","2020-2024","2020","Census","Arizona (State)"
"Zip Code Tabulation Area","85614","AZ","85614","=""85614""","5.75","2020-2024","2020","Census","Arizona (State)"
"Zip Code Tabulation Area","85615","AZ","85615","=""85615""","0.91","2020-2024","2020","Census","Arizona (State)"
"Zip Code Tabulation Area","85616","AZ","85616","=""85616""","4.37","2020-2024","2020","Census","Arizona (State)"
"Zip Code Tabulation Area","85617","AZ","85617","=""85617""","4.64","2020-2024","2020","Census","Arizona (State)"
"Zip Code Tabulation Area","85618","AZ","85618","=""85618""","0.00","2020-2024","2020","Census","Arizona (State)"
"Zip Code Tabulation Area","85619","AZ","85619","=""85619""","N/A","2020-2024","2020","Census","Arizona (State)"
"Zip Code Tabulation Area","85620","AZ","85620","=""85620""","0.00","2020-2024","2020","Census","Arizona (State)"
"Zip Code Tabulation Area","85621","AZ","85621","=""85621""","9.73","2020-2024","2020","Census","Arizona (State)"
"Zip Code Tabulation Area","85622","AZ","85622","=""85622""","1.24","2020-2024","2020","Census","Arizona (State)"
"Zip Code Tabulation Area","85623","AZ","85623","=""85623""","0.00","2020-2024","2020","Census","Arizona (State)"
"Zip Code Tabulation Area","85624","AZ","85624","=""85624""","2.25","2020-2024","2020","Census","Arizona (State)"
"Zip Code Tabulation Area","85625","AZ","85625","=""85625""","3.71","2020-2024","2020","Census","Arizona (State)"
"Zip Code Tabulation Area","85626","AZ","85626","=""85626""","8.20","2020-2024","2020","Census","Arizona (State)"
"Zip Code Tabulation Area","85627","AZ","85627","=""85627""","0.00","2020-2024","2020","Census","Arizona (State)"
"Zip Code Tabulation Area","85629","AZ","85629","=""85629""","2.53","2020-2024","2020","Census","Arizona (State)"
"Zip Code Tabulation Area","85630","AZ","85630","=""85630""","7.06","2020-2024","2020","Census","Arizona (State)"
"Zip Code Tabulation Area","85631","AZ","85631","=""85631""","2.92","2020-2024","2020","Census","Arizona (State)"
"Zip Code Tabulation Area","85632","AZ","85632","=""85632""","3.77","2020-2024","2020","Census","Arizona (State)"
"Zip Code Tabulation Area","85633","AZ","85633","=""85633""","0.00","2020-2024","2020","Census","Arizona (State)"
"Zip Code Tabulation Area","85634","AZ","85634","=""85634""","32.88","2020-2024","2020","Census","Arizona (State)"
"Zip Code Tabulation Area","85635","AZ","85635","=""85635""","4.88","2020-2024","2020","Census","Arizona (State)"
"Zip Code Tabulation Area","85637","AZ","85637","=""85637""","0.00","2020-2024","2020","Census","Arizona (State)"
"Zip Code Tabulation Area","85638","AZ","85638","=""85638""","5.09","2020-2024","2020","Census","Arizona (State)"
"Zip Code Tabulation Area","85639","AZ","85639","=""85639""","38.57","2020-2024","2020","Census","Arizona (State)"
"Zip Code Tabulation Area","85640","AZ","85640","=""85640""","0.00","2020-2024","2020","Census","Arizona (State)"
"Zip Code Tabulation Area","85641","AZ","85641","=""85641""","0.96","2020-2024","2020","Census","Arizona (State)"
"Zip Code Tabulation Area","85643","AZ","85643","=""85643""","2.57","2020-2024","2020","Census","Arizona (State)"
"Zip Code Tabulation Area","85645","AZ","85645","=""85645""","2.83","2020-2024","2020","Census","Arizona (State)"
"Zip Code Tabulation Area","85646","AZ","85646","=""85646""","0.00","2020-2024","2020","Census","Arizona (State)"
"Zip Code Tabulation Area","85648","AZ","85648","=""85648""","1.69","2020-2024","2020","Census","Arizona (State)"
"Zip Code Tabulation Area","85650","AZ","85650","=""85650""","6.73","2020-2024","2020","Census","Arizona (State)"
"Zip Code Tabulation Area","85653","AZ","85653","=""85653""","3.09","2020-2024","2020","Census","Arizona (State)"
"Zip Code Tabulation Area","85654","AZ","85654","=""85654""","N/A","2020-2024","2020","Census","Arizona (State)"
"Zip Code Tabulation Area","85658","AZ","85658","=""85658""","2.68","2020-2024","2020","Census","Arizona (State)"
"Zip Code Tabulation Area","85701","AZ","85701","=""85701""","20.08","2020-2024","2020","Census","Arizona (State)"
"Zip Code Tabulation Area","85704","AZ","85704","=""85704""","6.50","2020-2024","2020","Census","Arizona (State)"
"Zip Code Tabulation Area","85705","AZ","85705","=""85705""","13.99","2020-2024","2020","Census","Arizona (State)"
"Zip Code Tabulation Area","85706","AZ","85706","=""85706""","7.05","2020-2024","2020","Census","Arizona (State)"
"Zip Code Tabulation Area","85707","AZ","85707","=""85707""","47.62","2020-2024","2020","Census","Arizona (State)"
"Zip Code Tabulation Area","85708","AZ","85708","=""85708""","1.01","2020-2024","2020","Census","Arizona (State)"
"Zip Code Tabulation Area","85709","AZ","85709","=""85709""","N/A","2020-2024","2020","Census","Arizona (State)"
"Zip Code Tabulation Area","85710","AZ","85710","=""85710""","11.14","2020-2024","2020","Census","Arizona (State)"
"Zip Code Tabulation Area","85711","AZ","85711","=""85711""","16.14","2020-2024","2020","Census","Arizona (State)"
"Zip Code Tabulation Area","85712","AZ","85712","=""85712""","12.22","2020-2024","2020","Census","Arizona (State)"
"Zip Code Tabulation Area","85713","AZ","85713","=""85713""","8.62","2020-2024","2020","Census","Arizona (State)"
"Zip Code Tabulation Area","85714","AZ","85714","=""85714""","16.55","2020-2024","2020","Census","Arizona (State)"
"Zip Code Tabulation Area","85715","AZ","85715","=""85715""","3.47","2020-2024","2020","Census","Arizona (State)"
"Zip Code Tabulation Area","85716","AZ","85716","=""85716""","10.78","2020-2024","2020","Census","Arizona (State)"
"Zip Code Tabulation Area","85718","AZ","85718","=""85718""","4.62","2020-2024","2020","Census","Arizona (State)"
"Zip Code Tabulation Area","85719","AZ","85719","=""85719""","13.92","2020-2024","2020","Census","Arizona (State)"
"Zip Code Tabulation Area","85721","AZ","85721","=""85721""","N/A","2020-2024","2020","Census","Arizona (State)"
"Zip Code Tabulation Area","85723","AZ","85723","=""85723""","100.00","2020-2024","2020","Census","Arizona (State)"
"Zip Code Tabulation Area","85724","AZ","85724","=""85724""","N/A","2020-2024","2020","Census","Arizona (State)"
"Zip Code Tabulation Area","85726","AZ","85726","=""85726""","N/A","2020-2024","2020","Census","Arizona (State)"
"Zip Code Tabulation Area","85730","AZ","85730","=""85730""","7.42","2020-2024","2020","Census","Arizona (State)"
"Zip Code Tabulation Area","85734","AZ","85734","=""85734""","N/A","2020-2024","2020","Census","Arizona (State)"
"Zip Code Tabulation Area","85735","AZ","85735","=""85735""","0.94","2020-2024","2020","Census","Arizona (State)"
"Zip Code Tabulation Area","85736","AZ","85736","=""85736""","3.51","2020-2024","2020","Census","Arizona (State)"
"Zip Code Tabulation Area","85737","AZ","85737","=""85737""","3.57","2020-2024","2020","Census","Arizona (State)"
"Zip Code Tabulation Area","85739","AZ","85739","=""85739""","1.68","2020-2024","2020","Census","Arizona (State)"
"Zip Code Tabulation Area","85741","AZ","85741","=""85741""","4.22","2020-2024","2020","Census","Arizona (State)"
"Zip Code Tabulation Area","85742","AZ","85742","=""85742""","2.50","2020-2024","2020","Census","Arizona (State)"
"Zip Code Tabulation Area","85743","AZ","85743","=""85743""","2.84","2020-2024","2020","Census","Arizona (State)"
"Zip Code Tabulation Area","85745","AZ","85745","=""85745""","7.01","2020-2024","2020","Census","Arizona (State)"
"Zip Code Tabulation Area","85746","AZ","85746","=""85746""","4.48","2020-2024","2020","Census","Arizona (State)"
"Zip Code Tabulation Area","85747","AZ","85747","=""85747""","2.24","2020-2024","2020","Census","Arizona (State)"
"Zip Code Tabulation Area","85748","AZ","85748","=""85748""","0.48","2020-2024","2020","Census","Arizona (State)"
"Zip Code Tabulation Area","85749","AZ","85749","=""85749""","1.50","2020-2024","2020","Census","Arizona (State)"
"Zip Code Tabulation Area","85750","AZ","85750","=""85750""","3.14","2020-2024","2020","Census","Arizona (State)"
"Zip Code Tabulation Area","85755","AZ","85755","=""85755""","2.20","2020-2024","2020","Census","Arizona (State)"
"Zip Code Tabulation Area","85756","AZ","85756","=""85756""","2.10","2020-2024","2020","Census","Arizona (State)"
"Zip Code Tabulation Area","85757","AZ","85757","=""85757""","5.33","2020-2024","2020","Census","Arizona (State)"
"Zip Code Tabulation Area","85901","AZ","85901","=""85901""","3.28","2020-2024","2020","Census","Arizona (State)"
"Zip Code Tabulation Area","85902","AZ","85902","=""85902""","N/A","2020-2024","2020","Census","Arizona (State)"
"Zip Code Tabulation Area","85911","AZ","85911","=""85911""","33.99","2020-2024","2020","Census","Arizona (State)"
"Zip Code Tabulation Area","85912","AZ","85912","=""85912""","0.00","2020-2024","2020","Census","Arizona (State)"
"Zip Code Tabulation Area","85920","AZ","85920","=""85920""","0.00","2020-2024","2020","Census","Arizona (State)"
"Zip Code Tabulation Area","85922","AZ","85922","=""85922""","0.00","2020-2024","2020","Census","Arizona (State)"
"Zip Code Tabulation Area","85923","AZ","85923","=""85923""","0.00","2020-2024","2020","Census","Arizona (State)"
"Zip Code Tabulation Area","85924","AZ","85924","=""85924""","0.00","2020-2024","2020","Census","Arizona (State)"
"Zip Code Tabulation Area","85925","AZ","85925","=""85925""","4.38","2020-2024","2020","Census","Arizona (State)"
"Zip Code Tabulation Area","85926","AZ","85926","=""85926""","34.91","2020-2024","2020","Census","Arizona (State)"
"Zip Code Tabulation Area","85927","AZ","85927","=""85927""","0.00","2020-2024","2020","Census","Arizona (State)"
"Zip Code Tabulation Area","85928","AZ","85928","=""85928""","4.35","2020-2024","2020","Census","Arizona (State)"
"Zip Code Tabulation Area","85929","AZ","85929","=""85929""","3.72","2020-2024","2020","Census","Arizona (State)"
"Zip Code Tabulation Area","85930","AZ","85930","=""85930""","13.00","2020-2024","2020","Census","Arizona (State)"
"Zip Code Tabulation Area","85931","AZ","85931","=""85931""","0.00","2020-2024","2020","Census","Arizona (State)"
"Zip Code Tabulation Area","85932","AZ","85932","=""85932""","0.00","2020-2024","2020","Census","Arizona (State)"
"Zip Code Tabulation Area","85933","AZ","85933","=""85933""","1.10","2020-2024","2020","Census","Arizona (State)"
"Zip Code Tabulation Area","85934","AZ","85934","=""85934""","0.00","2020-2024","2020","Census","Arizona (State)"
"Zip Code Tabulation Area","85935","AZ","85935","=""85935""","4.48","2020-2024","2020","Census","Arizona (State)"
"Zip Code Tabulation Area","85936","AZ","85936","=""85936""","4.01","2020-2024","2020","Census","Arizona (State)"
"Zip Code Tabulation Area","85937","AZ","85937","=""85937""","2.54","2020-2024","2020","Census","Arizona (State)"
"Zip Code Tabulation Area","85938","AZ","85938","=""85938""","7.00","2020-2024","2020","Census","Arizona (State)"
"Zip Code Tabulation Area","85939","AZ","85939","=""85939""","0.00","2020-2024","2020","Census","Arizona (State)"
"Zip Code Tabulation Area","85940","AZ","85940","=""85940""","2.70","2020-2024","2020","Census","Arizona (State)"
"Zip Code Tabulation Area","85941","AZ","85941","=""85941""","16.53","2020-2024","2020","Census","Arizona (State)"
"Zip Code Tabulation Area","85942","AZ","85942","=""85942""","N/A","2020-2024","2020","Census","Arizona (State)"
"Zip Code Tabulation Area","86001","AZ","86001","=""86001""","7.23","2020-2024","2020","Census","Arizona (State)"
"Zip Code Tabulation Area","86003","AZ","86003","=""86003""","0.00","2020-2024","2020","Census","Arizona (State)"
"Zip Code Tabulation Area","86004","AZ","86004","=""86004""","4.23","2020-2024","2020","Census","Arizona (State)"
"Zip Code Tabulation Area","86005","AZ","86005","=""86005""","3.52","2020-2024","2020","Census","Arizona (State)"
"Zip Code Tabulation Area","86011","AZ","86011","=""86011""","34.78","2020-2024","2020","Census","Arizona (State)"
"Zip Code Tabulation Area","86015","AZ","86015","=""86015""","0.00","2020-2024","2020","Census","Arizona (State)"
"Zip Code Tabulation Area","86016","AZ","86016","=""86016""","65.22","2020-2024","2020","Census","Arizona (State)"
"Zip Code Tabulation Area","86017","AZ","86017","=""86017""","0.00","2020-2024","2020","Census","Arizona (State)"
"Zip Code Tabulation Area","86018","AZ","86018","=""86018""","2.58","2020-2024","2020","Census","Arizona (State)"
"Zip Code Tabulation Area","86020","AZ","86020","=""86020""","12.31","2020-2024","2020","Census","Arizona (State)"
"Zip Code Tabulation Area","86021","AZ","86021","=""86021""","0.00","2020-2024","2020","Census","Arizona (State)"
"Zip Code Tabulation Area","86022","AZ","86022","=""86022""","0.64","2020-2024","2020","Census","Arizona (State)"
"Zip Code Tabulation Area","86023","AZ","86023","=""86023""","0.00","2020-2024","2020","Census","Arizona (State)"
"Zip Code Tabulation Area","86024","AZ","86024","=""86024""","5.00","2020-2024","2020","Census","Arizona (State)"
"Zip Code Tabulation Area","86025","AZ","86025","=""86025""","5.28","2020-2024","2020","Census","Arizona (State)"
"Zip Code Tabulation Area","86028","AZ","86028","=""86028""","0.00","2020-2024","2020","Census","Arizona (State)"
"Zip Code Tabulation Area","86029","AZ","86029","=""86029""","0.00","2020-2024","2020","Census","Arizona (State)"
"Zip Code Tabulation Area","86030","AZ","86030","=""86030""","24.11","2020-2024","2020","Census","Arizona (State)"
"Zip Code Tabulation Area","86031","AZ","86031","=""86031""","19.36","2020-2024","2020","Census","Arizona (State)"
"Zip Code Tabulation Area","86032","AZ","86032","=""86032""","2.26","2020-2024","2020","Census","Arizona (State)"
"Zip Code Tabulation Area","86033","AZ","86033","=""86033""","13.92","2020-2024","2020","Census","Arizona (State)"
"Zip Code Tabulation Area","86034","AZ","86034","=""86034""","14.19","2020-2024","2020","Census","Arizona (State)"
"Zip Code Tabulation Area","86035","AZ","86035","=""86035""","19.89","2020-2024","2020","Census","Arizona (State)"
"Zip Code Tabulation Area","86036","AZ","86036","=""86036""","15.28","2020-2024","2020","Census","Arizona (State)"
"Zip Code Tabulation Area","86038","AZ","86038","=""86038""","0.00","2020-2024","2020","Census","Arizona (State)"
"Zip Code Tabulation Area","86039","AZ","86039","=""86039""","25.39","2020-2024","2020","Census","Arizona (State)"
"Zip Code Tabulation Area","86040","AZ","86040","=""86040""","5.10","2020-2024","2020","Census","Arizona (State)"
"Zip Code Tabulation Area","86042","AZ","86042","=""86042""","2.30","2020-2024","2020","Census","Arizona (State)"
"Zip Code Tabulation Area","86043","AZ","86043","=""86043""","18.60","2020-2024","2020","Census","Arizona (State)"
"Zip Code Tabulation Area","86044","AZ","86044","=""86044""","28.62","2020-2024","2020","Census","Arizona (State)"
"Zip Code Tabulation Area","86045","AZ","86045","=""86045""","10.16","2020-2024","2020","Census","Arizona (State)"
"Zip Code Tabulation Area","86046","AZ","86046","=""86046""","2.06","2020-2024","2020","Census","Arizona (State)"
"Zip Code Tabulation Area","86047","AZ","86047","=""86047""","6.87","2020-2024","2020","Census","Arizona (State)"
"Zip Code Tabulation Area","86052","AZ","86052","=""86052""","N/A","2020-2024","2020","Census","Arizona (State)"
"Zip Code Tabulation Area","86053","AZ","86053","=""86053""","10.81","2020-2024","2020","Census","Arizona (State)"
"Zip Code Tabulation Area","86054","AZ","86054","=""86054""","34.88","2020-2024","2020","Census","Arizona (State)"
"Zip Code Tabulation Area","86301","AZ","86301","=""86301""","5.91","2020-2024","2020","Census","Arizona (State)"
"Zip Code Tabulation Area","86303","AZ","86303","=""86303""","5.74","2020-2024","2020","Census","Arizona (State)"
"Zip Code Tabulation Area","86305","AZ","86305","=""86305""","3.22","2020-2024","2020","Census","Arizona (State)"
"Zip Code Tabulation Area","86313","AZ","86313","=""86313""","N/A","2020-2024","2020","Census","Arizona (State)"
"Zip Code Tabulation Area","86314","AZ","86314","=""86314""","2.28","2020-2024","2020","Census","Arizona (State)"
"Zip Code Tabulation Area","86315","AZ","86315","=""86315""","0.00","2020-2024","2020","Census","Arizona (State)"
"Zip Code Tabulation Area","86320","AZ","86320","=""86320""","0.00","2020-2024","2020","Census","Arizona (State)"
"Zip Code Tabulation Area","86321","AZ","86321","=""86321""","2.39","2020-2024","2020","Census","Arizona (State)"
"Zip Code Tabulation Area","86322","AZ","86322","=""86322""","3.12","2020-2024","2020","Census","Arizona (State)"
"Zip Code Tabulation Area","86323","AZ","86323","=""86323""","1.18","2020-2024","2020","Census","Arizona (State)"
"Zip Code Tabulation Area","86324","AZ","86324","=""86324""","2.35","2020-2024","2020","Census","Arizona (State)"
"Zip Code Tabulation Area","86325","AZ","86325","=""86325""","0.52","2020-2024","2020","Census","Arizona (State)"
"Zip Code Tabulation Area","86326","AZ","86326","=""86326""","9.13","2020-2024","2020","Census","Arizona (State)"
"Zip Code Tabulation Area","86327","AZ","86327","=""86327""","2.43","2020-2024","2020","Census","Arizona (State)"
"Zip Code Tabulation Area","86329","AZ","86329","=""86329""","4.65","2020-2024","2020","Census","Arizona (State)"
"Zip Code Tabulation Area","86331","AZ","86331","=""86331""","0.00","2020-2024","2020","Census","Arizona (State)"
"Zip Code Tabulation Area","86332","AZ","86332","=""86332""","1.64","2020-2024","2020","Census","Arizona (State)"
"Zip Code Tabulation Area","86333","AZ","86333","=""86333""","10.47","2020-2024","2020","Census","Arizona (State)"
"Zip Code Tabulation Area","86334","AZ","86334","=""86334""","1.66","2020-2024","2020","Census","Arizona (State)"
"Zip Code Tabulation Area","86335","AZ","86335","=""86335""","2.76","2020-2024","2020","Census","Arizona (State)"
"Zip Code Tabulation Area","86336","AZ","86336","=""86336""","1.57","2020-2024","2020","Census","Arizona (State)"
"Zip Code Tabulation Area","86337","AZ","86337","=""86337""","1.59","2020-2024","2020","Census","Arizona (State)"
"Zip Code Tabulation Area","86338","AZ","86338","=""86338""","2.45","2020-2024","2020","Census","Arizona (State)"
"Zip Code Tabulation Area","86343","AZ","86343","=""86343""","2.94","2020-2024","2020","Census","Arizona (State)"
"Zip Code Tabulation Area","86351","AZ","86351","=""86351""","4.34","2020-2024","2020","Census","Arizona (State)"
"Zip Code Tabulation Area","86401","AZ","86401","=""86401""","5.07","2020-2024","2020","Census","Arizona (State)"
"Zip Code Tabulation Area","86403","AZ","86403","=""86403""","5.68","2020-2024","2020","Census","Arizona (State)"
"Zip Code Tabulation Area","86404","AZ","86404","=""86404""","3.22","2020-2024","2020","Census","Arizona (State)"
"Zip Code Tabulation Area","86406","AZ","86406","=""86406""","2.79","2020-2024","2020","Census","Arizona (State)"
"Zip Code Tabulation Area","86409","AZ","86409","=""86409""","5.84","2020-2024","2020","Census","Arizona (State)"
"Zip Code Tabulation Area","86411","AZ","86411","=""86411""","0.00","2020-2024","2020","Census","Arizona (State)"
"Zip Code Tabulation Area","86413","AZ","86413","=""86413""","1.11","2020-2024","2020","Census","Arizona (State)"
"Zip Code Tabulation Area","86426","AZ","86426","=""86426""","1.22","2020-2024","2020","Census","Arizona (State)"
"Zip Code Tabulation Area","86429","AZ","86429","=""86429""","2.17","2020-2024","2020","Census","Arizona (State)"
"Zip Code Tabulation Area","86431","AZ","86431","=""86431""","0.00","2020-2024","2020","Census","Arizona (State)"
"Zip Code Tabulation Area","86432","AZ","86432","=""86432""","0.00","2020-2024","2020","Census","Arizona (State)"
"Zip Code Tabulation Area","86433","AZ","86433","=""86433""","0.00","2020-2024","2020","Census","Arizona (State)"
"Zip Code Tabulation Area","86434","AZ","86434","=""86434""","11.14","2020-2024","2020","Census","Arizona (State)"
"Zip Code Tabulation Area","86435","AZ","86435","=""86435""","N/A","2020-2024","2020","Census","Arizona (State)"
"Zip Code Tabulation Area","86436","AZ","86436","=""86436""","0.00","2020-2024","2020","Census","Arizona (State)"
"Zip Code Tabulation Area","86437","AZ","86437","=""86437""","8.33","2020-2024","2020","Census","Arizona (State)"
"Zip Code Tabulation Area","86438","AZ","86438","=""86438""","1.59","2020-2024","2020","Census","Arizona (State)"
"Zip Code Tabulation Area","86440","AZ","86440","=""86440""","3.51","2020-2024","2020","Census","Arizona (State)"
"Zip Code Tabulation Area","86441","AZ","86441","=""86441""","0.00","2020-2024","2020","Census","Arizona (State)"
"Zip Code Tabulation Area","86442","AZ","86442","=""86442""","5.22","2020-2024","2020","Census","Arizona (State)"
"Zip Code Tabulation Area","86443","AZ","86443","=""86443""","N/A","2020-2024","2020","Census","Arizona (State)"
"Zip Code Tabulation Area","86444","AZ","86444","=""86444""","3.51","2020-2024","2020","Census","Arizona (State)"
"Zip Code Tabulation Area","86445","AZ","86445","=""86445""","0.00","2020-2024","2020","Census","Arizona (State)"
"Zip Code Tabulation Area","86502","AZ","86502","=""86502""","20.47","2020-2024","2020","Census","Arizona (State)"
"Zip Code Tabulation Area","86503","AZ","86503","=""86503""","10.14","2020-2024","2020","Census","Arizona (State)"
"Zip Code Tabulation Area","86504","AZ","86504","=""86504""","11.82","2020-2024","2020","Census","Arizona (State)"
"Zip Code Tabulation Area","86505","AZ","86505","=""86505""","20.83","2020-2024","2020","Census","Arizona (State)"
"Zip Code Tabulation Area","86506","AZ","86506","=""86506""","17.87","2020-2024","2020","Census","Arizona (State)"
"Zip Code Tabulation Area","86507","AZ","86507","=""86507""","10.25","2020-2024","2020","Census","Arizona (State)"
"Zip Code Tabulation Area","86508","AZ","86508","=""86508""","23.56","2020-2024","2020","Census","Arizona (State)"
"Zip Code Tabulation Area","86510","AZ","86510","=""86510""","18.98","2020-2024","2020","Census","Arizona (State)"
"Zip Code Tabulation Area","86511","AZ","86511","=""86511""","16.76","2020-2024","2020","Census","Arizona (State)"
"Zip Code Tabulation Area","86512","AZ","86512","=""86512""","17.75","2020-2024","2020","Census","Arizona (State)"
"Zip Code Tabulation Area","86514","AZ","86514","=""86514""","8.60","2020-2024","2020","Census","Arizona (State)"
"Zip Code Tabulation Area","86520","AZ","86520","=""86520""","29.74","2020-2024","2020","Census","Arizona (State)"
"Zip Code Tabulation Area","86535","AZ","86535","=""86535""","21.55","2020-2024","2020","Census","Arizona (State)"
"Zip Code Tabulation Area","86538","AZ","86538","=""86538""","12.78","2020-2024","2020","Census","Arizona (State)"
"Zip Code Tabulation Area","86540","AZ","86540","=""86540""","17.51","2020-2024","2020","Census","Arizona (State)"
"Zip Code Tabulation Area","86544","AZ","86544","=""86544""","10.10","2020-2024","2020","Census","Arizona (State)"
"Zip Code Tabulation Area","86545","AZ","86545","=""86545""","5.86","2020-2024","2020","Census","Arizona (State)"
"Zip Code Tabulation Area","86547","AZ","86547","=""86547""","20.07","2020-2024","2020","Census","Arizona (State)"
"Zip Code Tabulation Area","86556","AZ","86556","=""86556""","27.50","2020-2024","2020","Census","Arizona (State)"
