"Geography Type Description","Geography Name","Sits in State","GeoID","Formatted GeoID","Median Household Income","Data Time Period","Geographic Vintage","Data Source","Selected Location"
"GeoID_Description","GeoID_Name","SitsinState","GeoID","GeoID_Formatted","mhhinc","TimeFrame","GeoVintage","Source","Location"
"Zip Code Tabulation Area","85003","AZ","85003","=""85003""","60461","2020-2024","2020","Census","Arizona (State)"
"Zip Code Tabulation Area","85004","AZ","85004","=""85004""","73750","2020-2024","2020","Census","Arizona (State)"
"Zip Code Tabulation Area","85006","AZ","85006","=""85006""","58248","2020-2024","2020","Census","Arizona (State)"
"Zip Code Tabulation Area","85007","AZ","85007","=""85007""","63616","2020-2024","2020","Census","Arizona (State)"
"Zip Code Tabulation Area","85008","AZ","85008","=""85008""","66353","2020-2024","2020","Census","Arizona (State)"
"Zip Code Tabulation Area","85009","AZ","85009","=""85009""","52054","2020-2024","2020","Census","Arizona (State)"
"Zip Code Tabulation Area","85012","AZ","85012","=""85012""","86620","2020-2024","2020","Census","Arizona (State)"
"Zip Code Tabulation Area","85013","AZ","85013","=""85013""","71966","2020-2024","2020","Census","Arizona (State)"
"Zip Code Tabulation Area","85014","AZ","85014","=""85014""","66731","2020-2024","2020","Census","Arizona (State)"
"Zip Code Tabulation Area","85015","AZ","85015","=""85015""","54874","2020-2024","2020","Census","Arizona (State)"
"Zip Code Tabulation Area","85016","AZ","85016","=""85016""","87850","2020-2024","2020","Census","Arizona (State)"
"Zip Code Tabulation Area","85017","AZ","85017","=""85017""","58346","2020-2024","2020","Census","Arizona (State)"
"Zip Code Tabulation Area","85018","AZ","85018","=""85018""","93885","2020-2024","2020","Census","Arizona (State)"
"Zip Code Tabulation Area","85019","AZ","85019","=""85019""","68528","2020-2024","2020","Census","Arizona (State)"
"Zip Code Tabulation Area","85020","AZ","85020","=""85020""","83735","2020-2024","2020","Census","Arizona (State)"
"Zip Code Tabulation Area","85021","AZ","85021","=""85021""","59768","2020-2024","2020","Census","Arizona (State)"
"Zip Code Tabulation Area","85022","AZ","85022","=""85022""","69927","2020-2024","2020","Census","Arizona (State)"
"Zip Code Tabulation Area","85023","AZ","85023","=""85023""","77369","2020-2024","2020","Census","Arizona (State)"
"Zip Code Tabulation Area","85024","AZ","85024","=""85024""","106724","2020-2024","2020","Census","Arizona (State)"
"Zip Code Tabulation Area","85026","AZ","85026","=""85026""","N/A","2020-2024","2020","Census","Arizona (State)"
"Zip Code Tabulation Area","85027","AZ","85027","=""85027""","76605","2020-2024","2020","Census","Arizona (State)"
"Zip Code Tabulation Area","85028","AZ","85028","=""85028""","125054","2020-2024","2020","Census","Arizona (State)"
"Zip Code Tabulation Area","85029","AZ","85029","=""85029""","64556","2020-2024","2020","Census","Arizona (State)"
"Zip Code Tabulation Area","85031","AZ","85031","=""85031""","70412","2020-2024","2020","Census","Arizona (State)"
"Zip Code Tabulation Area","85032","AZ","85032","=""85032""","78643","2020-2024","2020","Census","Arizona (State)"
"Zip Code Tabulation Area","85033","AZ","85033","=""85033""","64144","2020-2024","2020","Census","Arizona (State)"
"Zip Code Tabulation Area","85034","AZ","85034","=""85034""","63559","2020-2024","2020","Census","Arizona (State)"
"Zip Code Tabulation Area","85035","AZ","85035","=""85035""","60440","2020-2024","2020","Census","Arizona (State)"
"Zip Code Tabulation Area","85037","AZ","85037","=""85037""","84016","2020-2024","2020","Census","Arizona (State)"
"Zip Code Tabulation Area","85040","AZ","85040","=""85040""","60727","2020-2024","2020","Census","Arizona (State)"
"Zip Code Tabulation Area","85041","AZ","85041","=""85041""","75301","2020-2024","2020","Census","Arizona (State)"
"Zip Code Tabulation Area","85042","AZ","85042","=""85042""","88717","2020-2024","2020","Census","Arizona (State)"
"Zip Code Tabulation Area","85043","AZ","85043","=""85043""","78257","2020-2024","2020","Census","Arizona (State)"
"Zip Code Tabulation Area","85044","AZ","85044","=""85044""","96820","2020-2024","2020","Census","Arizona (State)"
"Zip Code Tabulation Area","85045","AZ","85045","=""85045""","153583","2020-2024","2020","Census","Arizona (State)"
"Zip Code Tabulation Area","85048","AZ","85048","=""85048""","122833","2020-2024","2020","Census","Arizona (State)"
"Zip Code Tabulation Area","85050","AZ","85050","=""85050""","139836","2020-2024","2020","Census","Arizona (State)"
"Zip Code Tabulation Area","85051","AZ","85051","=""85051""","69189","2020-2024","2020","Census","Arizona (State)"
"Zip Code Tabulation Area","85053","AZ","85053","=""85053""","70011","2020-2024","2020","Census","Arizona (State)"
"Zip Code Tabulation Area","85054","AZ","85054","=""85054""","91507","2020-2024","2020","Census","Arizona (State)"
"Zip Code Tabulation Area","85083","AZ","85083","=""85083""","149087","2020-2024","2020","Census","Arizona (State)"
"Zip Code Tabulation Area","85085","AZ","85085","=""85085""","128984","2020-2024","2020","Census","Arizona (State)"
"Zip Code Tabulation Area","85086","AZ","85086","=""85086""","121676","2020-2024","2020","Census","Arizona (State)"
"Zip Code Tabulation Area","85087","AZ","85087","=""85087""","138566","2020-2024","2020","Census","Arizona (State)"
"Zip Code Tabulation Area","85118","AZ","85118","=""85118""","86393","2020-2024","2020","Census","Arizona (State)"
"Zip Code Tabulation Area","85119","AZ","85119","=""85119""","71585","2020-2024","2020","Census","Arizona (State)"
"Zip Code Tabulation Area","85120","AZ","85120","=""85120""","57786","2020-2024","2020","Census","Arizona (State)"
"Zip Code Tabulation Area","85121","AZ","85121","=""85121""","31173","2020-2024","2020","Census","Arizona (State)"
"Zip Code Tabulation Area","85122","AZ","85122","=""85122""","68443","2020-2024","2020","Census","Arizona (State)"
"Zip Code Tabulation Area","85123","AZ","85123","=""85123""","69137","2020-2024","2020","Census","Arizona (State)"
"Zip Code Tabulation Area","85128","AZ","85128","=""85128""","65477","2020-2024","2020","Census","Arizona (State)"
"Zip Code Tabulation Area","85131","AZ","85131","=""85131""","56576","2020-2024","2020","Census","Arizona (State)"
"Zip Code Tabulation Area","85132","AZ","85132","=""85132""","79000","2020-2024","2020","Census","Arizona (State)"
"Zip Code Tabulation Area","85135","AZ","85135","=""85135""","29722","2020-2024","2020","Census","Arizona (State)"
"Zip Code Tabulation Area","85137","AZ","85137","=""85137""","57946","2020-2024","2020","Census","Arizona (State)"
"Zip Code Tabulation Area","85138","AZ","85138","=""85138""","95867","2020-2024","2020","Census","Arizona (State)"
"Zip Code Tabulation Area","85139","AZ","85139","=""85139""","86894","2020-2024","2020","Census","Arizona (State)"
"Zip Code Tabulation Area","85140","AZ","85140","=""85140""","101477","2020-2024","2020","Census","Arizona (State)"
"Zip Code Tabulation Area","85141","AZ","85141","=""85141""","71346","2020-2024","2020","Census","Arizona (State)"
"Zip Code Tabulation Area","85142","AZ","85142","=""85142""","129367","2020-2024","2020","Census","Arizona (State)"
"Zip Code Tabulation Area","85143","AZ","85143","=""85143""","93707","2020-2024","2020","Census","Arizona (State)"
"Zip Code Tabulation Area","85145","AZ","85145","=""85145""","80357","2020-2024","2020","Census","Arizona (State)"
"Zip Code Tabulation Area","85147","AZ","85147","=""85147""","48517","2020-2024","2020","Census","Arizona (State)"
"Zip Code Tabulation Area","85172","AZ","85172","=""85172""","71806","2020-2024","2020","Census","Arizona (State)"
"Zip Code Tabulation Area","85173","AZ","85173","=""85173""","46128","2020-2024","2020","Census","Arizona (State)"
"Zip Code Tabulation Area","85191","AZ","85191","=""85191""","N/A","2020-2024","2020","Census","Arizona (State)"
"Zip Code Tabulation Area","85192","AZ","85192","=""85192""","59922","2020-2024","2020","Census","Arizona (State)"
"Zip Code Tabulation Area","85193","AZ","85193","=""85193""","57930","2020-2024","2020","Census","Arizona (State)"
"Zip Code Tabulation Area","85194","AZ","85194","=""85194""","82935","2020-2024","2020","Census","Arizona (State)"
"Zip Code Tabulation Area","85201","AZ","85201","=""85201""","67294","2020-2024","2020","Census","Arizona (State)"
"Zip Code Tabulation Area","85202","AZ","85202","=""85202""","71619","2020-2024","2020","Census","Arizona (State)"
"Zip Code Tabulation Area","85203","AZ","85203","=""85203""","73578","2020-2024","2020","Census","Arizona (State)"
"Zip Code Tabulation Area","85204","AZ","85204","=""85204""","72216","2020-2024","2020","Census","Arizona (State)"
"Zip Code Tabulation Area","85205","AZ","85205","=""85205""","73283","2020-2024","2020","Census","Arizona (State)"
"Zip Code Tabulation Area","85206","AZ","85206","=""85206""","75607","2020-2024","2020","Census","Arizona (State)"
"Zip Code Tabulation Area","85207","AZ","85207","=""85207""","108699","2020-2024","2020","Census","Arizona (State)"
"Zip Code Tabulation Area","85208","AZ","85208","=""85208""","69390","2020-2024","2020","Census","Arizona (State)"
"Zip Code Tabulation Area","85209","AZ","85209","=""85209""","84432","2020-2024","2020","Census","Arizona (State)"
"Zip Code Tabulation Area","85210","AZ","85210","=""85210""","61957","2020-2024","2020","Census","Arizona (State)"
"Zip Code Tabulation Area","85212","AZ","85212","=""85212""","125902","2020-2024","2020","Census","Arizona (State)"
"Zip Code Tabulation Area","85213","AZ","85213","=""85213""","103969","2020-2024","2020","Census","Arizona (State)"
"Zip Code Tabulation Area","85215","AZ","85215","=""85215""","98831","2020-2024","2020","Census","Arizona (State)"
"Zip Code Tabulation Area","85224","AZ","85224","=""85224""","94516","2020-2024","2020","Census","Arizona (State)"
"Zip Code Tabulation Area","85225","AZ","85225","=""85225""","88676","2020-2024","2020","Census","Arizona (State)"
"Zip Code Tabulation Area","85226","AZ","85226","=""85226""","114817","2020-2024","2020","Census","Arizona (State)"
"Zip Code Tabulation Area","85233","AZ","85233","=""85233""","111160","2020-2024","2020","Census","Arizona (State)"
"Zip Code Tabulation Area","85234","AZ","85234","=""85234""","121102","2020-2024","2020","Census","Arizona (State)"
"Zip Code Tabulation Area","85236","AZ","85236","=""85236""","N/A","2020-2024","2020","Census","Arizona (State)"
"Zip Code Tabulation Area","85248","AZ","85248","=""85248""","94495","2020-2024","2020","Census","Arizona (State)"
"Zip Code Tabulation Area","85249","AZ","85249","=""85249""","153633","2020-2024","2020","Census","Arizona (State)"
"Zip Code Tabulation Area","85250","AZ","85250","=""85250""","95761","2020-2024","2020","Census","Arizona (State)"
"Zip Code Tabulation Area","85251","AZ","85251","=""85251""","92851","2020-2024","2020","Census","Arizona (State)"
"Zip Code Tabulation Area","85253","AZ","85253","=""85253""","184979","2020-2024","2020","Census","Arizona (State)"
"Zip Code Tabulation Area","85254","AZ","85254","=""85254""","123203","2020-2024","2020","Census","Arizona (State)"
"Zip Code Tabulation Area","85255","AZ","85255","=""85255""","140616","2020-2024","2020","Census","Arizona (State)"
"Zip Code Tabulation Area","85256","AZ","85256","=""85256""","44844","2020-2024","2020","Census","Arizona (State)"
"Zip Code Tabulation Area","85257","AZ","85257","=""85257""","86962","2020-2024","2020","Census","Arizona (State)"
"Zip Code Tabulation Area","85258","AZ","85258","=""85258""","114111","2020-2024","2020","Census","Arizona (State)"
"Zip Code Tabulation Area","85259","AZ","85259","=""85259""","137895","2020-2024","2020","Census","Arizona (State)"
"Zip Code Tabulation Area","85260","AZ","85260","=""85260""","97177","2020-2024","2020","Census","Arizona (State)"
"Zip Code Tabulation Area","85262","AZ","85262","=""85262""","177790","2020-2024","2020","Census","Arizona (State)"
"Zip Code Tabulation Area","85263","AZ","85263","=""85263""","145053","2020-2024","2020","Census","Arizona (State)"
"Zip Code Tabulation Area","85264","AZ","85264","=""85264""","60729","2020-2024","2020","Census","Arizona (State)"
"Zip Code Tabulation Area","85266","AZ","85266","=""85266""","151923","2020-2024","2020","Census","Arizona (State)"
"Zip Code Tabulation Area","85268","AZ","85268","=""85268""","112795","2020-2024","2020","Census","Arizona (State)"
"Zip Code Tabulation Area","85281","AZ","85281","=""85281""","64538","2020-2024","2020","Census","Arizona (State)"
"Zip Code Tabulation Area","85282","AZ","85282","=""85282""","79036","2020-2024","2020","Census","Arizona (State)"
"Zip Code Tabulation Area","85283","AZ","85283","=""85283""","84568","2020-2024","2020","Census","Arizona (State)"
"Zip Code Tabulation Area","85284","AZ","85284","=""85284""","156146","2020-2024","2020","Census","Arizona (State)"
"Zip Code Tabulation Area","85286","AZ","85286","=""85286""","121758","2020-2024","2020","Census","Arizona (State)"
"Zip Code Tabulation Area","85295","AZ","85295","=""85295""","118467","2020-2024","2020","Census","Arizona (State)"
"Zip Code Tabulation Area","85296","AZ","85296","=""85296""","118982","2020-2024","2020","Census","Arizona (State)"
"Zip Code Tabulation Area","85297","AZ","85297","=""85297""","130755","2020-2024","2020","Census","Arizona (State)"
"Zip Code Tabulation Area","85298","AZ","85298","=""85298""","156425","2020-2024","2020","Census","Arizona (State)"
"Zip Code Tabulation Area","85301","AZ","85301","=""85301""","53827","2020-2024","2020","Census","Arizona (State)"
"Zip Code Tabulation Area","85302","AZ","85302","=""85302""","65132","2020-2024","2020","Census","Arizona (State)"
"Zip Code Tabulation Area","85303","AZ","85303","=""85303""","80650","2020-2024","2020","Census","Arizona (State)"
"Zip Code Tabulation Area","85304","AZ","85304","=""85304""","86927","2020-2024","2020","Census","Arizona (State)"
"Zip Code Tabulation Area","85305","AZ","85305","=""85305""","88167","2020-2024","2020","Census","Arizona (State)"
"Zip Code Tabulation Area","85306","AZ","85306","=""85306""","84779","2020-2024","2020","Census","Arizona (State)"
"Zip Code Tabulation Area","85307","AZ","85307","=""85307""","82888","2020-2024","2020","Census","Arizona (State)"
"Zip Code Tabulation Area","85308","AZ","85308","=""85308""","95247","2020-2024","2020","Census","Arizona (State)"
"Zip Code Tabulation Area","85309","AZ","85309","=""85309""","N/A","2020-2024","2020","Census","Arizona (State)"
"Zip Code Tabulation Area","85310","AZ","85310","=""85310""","122137","2020-2024","2020","Census","Arizona (State)"
"Zip Code Tabulation Area","85320","AZ","85320","=""85320""","47731","2020-2024","2020","Census","Arizona (State)"
"Zip Code Tabulation Area","85321","AZ","85321","=""85321""","53180","2020-2024","2020","Census","Arizona (State)"
"Zip Code Tabulation Area","85322","AZ","85322","=""85322""","75417","2020-2024","2020","Census","Arizona (State)"
"Zip Code Tabulation Area","85323","AZ","85323","=""85323""","83120","2020-2024","2020","Census","Arizona (State)"
"Zip Code Tabulation Area","85324","AZ","85324","=""85324""","47465","2020-2024","2020","Census","Arizona (State)"
"Zip Code Tabulation Area","85325","AZ","85325","=""85325""","47691","2020-2024","2020","Census","Arizona (State)"
"Zip Code Tabulation Area","85326","AZ","85326","=""85326""","89876","2020-2024","2020","Census","Arizona (State)"
"Zip Code Tabulation Area","85328","AZ","85328","=""85328""","N/A","2020-2024","2020","Census","Arizona (State)"
"Zip Code Tabulation Area","85329","AZ","85329","=""85329""","36399","2020-2024","2020","Census","Arizona (State)"
"Zip Code Tabulation Area","85331","AZ","85331","=""85331""","129083","2020-2024","2020","Census","Arizona (State)"
"Zip Code Tabulation Area","85332","AZ","85332","=""85332""","56165","2020-2024","2020","Census","Arizona (State)"
"Zip Code Tabulation Area","85333","AZ","85333","=""85333""","39722","2020-2024","2020","Census","Arizona (State)"
"Zip Code Tabulation Area","85334","AZ","85334","=""85334""","39143","2020-2024","2020","Census","Arizona (State)"
"Zip Code Tabulation Area","85335","AZ","85335","=""85335""","78050","2020-2024","2020","Census","Arizona (State)"
"Zip Code Tabulation Area","85336","AZ","85336","=""85336""","49152","2020-2024","2020","Census","Arizona (State)"
"Zip Code Tabulation Area","85337","AZ","85337","=""85337""","55365","2020-2024","2020","Census","Arizona (State)"
"Zip Code Tabulation Area","85338","AZ","85338","=""85338""","101744","2020-2024","2020","Census","Arizona (State)"
"Zip Code Tabulation Area","85339","AZ","85339","=""85339""","110602","2020-2024","2020","Census","Arizona (State)"
"Zip Code Tabulation Area","85340","AZ","85340","=""85340""","122323","2020-2024","2020","Census","Arizona (State)"
"Zip Code Tabulation Area","85341","AZ","85341","=""85341""","N/A","2020-2024","2020","Census","Arizona (State)"
"Zip Code Tabulation Area","85342","AZ","85342","=""85342""","55917","2020-2024","2020","Census","Arizona (State)"
"Zip Code Tabulation Area","85343","AZ","85343","=""85343""","N/A","2020-2024","2020","Census","Arizona (State)"
"Zip Code Tabulation Area","85344","AZ","85344","=""85344""","54583","2020-2024","2020","Census","Arizona (State)"
"Zip Code Tabulation Area","85345","AZ","85345","=""85345""","67380","2020-2024","2020","Census","Arizona (State)"
"Zip Code Tabulation Area","85346","AZ","85346","=""85346""","44028","2020-2024","2020","Census","Arizona (State)"
"Zip Code Tabulation Area","85347","AZ","85347","=""85347""","N/A","2020-2024","2020","Census","Arizona (State)"
"Zip Code Tabulation Area","85348","AZ","85348","=""85348""","63618","2020-2024","2020","Census","Arizona (State)"
"Zip Code Tabulation Area","85349","AZ","85349","=""85349""","60330","2020-2024","2020","Census","Arizona (State)"
"Zip Code Tabulation Area","85350","AZ","85350","=""85350""","74025","2020-2024","2020","Census","Arizona (State)"
"Zip Code Tabulation Area","85351","AZ","85351","=""85351""","53725","2020-2024","2020","Census","Arizona (State)"
"Zip Code Tabulation Area","85352","AZ","85352","=""85352""","40119","2020-2024","2020","Census","Arizona (State)"
"Zip Code Tabulation Area","85353","AZ","85353","=""85353""","94154","2020-2024","2020","Census","Arizona (State)"
"Zip Code Tabulation Area","85354","AZ","85354","=""85354""","64203","2020-2024","2020","Census","Arizona (State)"
"Zip Code Tabulation Area","85355","AZ","85355","=""85355""","123055","2020-2024","2020","Census","Arizona (State)"
"Zip Code Tabulation Area","85356","AZ","85356","=""85356""","71285","2020-2024","2020","Census","Arizona (State)"
"Zip Code Tabulation Area","85357","AZ","85357","=""85357""","46830","2020-2024","2020","Census","Arizona (State)"
"Zip Code Tabulation Area","85360","AZ","85360","=""85360""","N/A","2020-2024","2020","Census","Arizona (State)"
"Zip Code Tabulation Area","85361","AZ","85361","=""85361""","77361","2020-2024","2020","Census","Arizona (State)"
"Zip Code Tabulation Area","85362","AZ","85362","=""85362""","47609","2020-2024","2020","Census","Arizona (State)"
"Zip Code Tabulation Area","85363","AZ","85363","=""85363""","68321","2020-2024","2020","Census","Arizona (State)"
"Zip Code Tabulation Area","85364","AZ","85364","=""85364""","57874","2020-2024","2020","Census","Arizona (State)"
"Zip Code Tabulation Area","85365","AZ","85365","=""85365""","70331","2020-2024","2020","Census","Arizona (State)"
"Zip Code Tabulation Area","85367","AZ","85367","=""85367""","58469","2020-2024","2020","Census","Arizona (State)"
"Zip Code Tabulation Area","85371","AZ","85371","=""85371""","N/A","2020-2024","2020","Census","Arizona (State)"
"Zip Code Tabulation Area","85373","AZ","85373","=""85373""","72063","2020-2024","2020","Census","Arizona (State)"
"Zip Code Tabulation Area","85374","AZ","85374","=""85374""","81201","2020-2024","2020","Census","Arizona (State)"
"Zip Code Tabulation Area","85375","AZ","85375","=""85375""","63928","2020-2024","2020","Census","Arizona (State)"
"Zip Code Tabulation Area","85377","AZ","85377","=""85377""","149167","2020-2024","2020","Census","Arizona (State)"
"Zip Code Tabulation Area","85378","AZ","85378","=""85378""","56444","2020-2024","2020","Census","Arizona (State)"
"Zip Code Tabulation Area","85379","AZ","85379","=""85379""","110616","2020-2024","2020","Census","Arizona (State)"
"Zip Code Tabulation Area","85381","AZ","85381","=""85381""","96746","2020-2024","2020","Census","Arizona (State)"
"Zip Code Tabulation Area","85382","AZ","85382","=""85382""","91525","2020-2024","2020","Census","Arizona (State)"
"Zip Code Tabulation Area","85383","AZ","85383","=""85383""","145546","2020-2024","2020","Census","Arizona (State)"
"Zip Code Tabulation Area","85387","AZ","85387","=""85387""","98757","2020-2024","2020","Census","Arizona (State)"
"Zip Code Tabulation Area","85388","AZ","85388","=""85388""","112164","2020-2024","2020","Census","Arizona (State)"
"Zip Code Tabulation Area","85390","AZ","85390","=""85390""","68591","2020-2024","2020","Census","Arizona (State)"
"Zip Code Tabulation Area","85392","AZ","85392","=""85392""","87702","2020-2024","2020","Census","Arizona (State)"
"Zip Code Tabulation Area","85395","AZ","85395","=""85395""","105935","2020-2024","2020","Census","Arizona (State)"
"Zip Code Tabulation Area","85396","AZ","85396","=""85396""","114056","2020-2024","2020","Census","Arizona (State)"
"Zip Code Tabulation Area","85501","AZ","85501","=""85501""","61983","2020-2024","2020","Census","Arizona (State)"
"Zip Code Tabulation Area","85530","AZ","85530","=""85530""","38750","2020-2024","2020","Census","Arizona (State)"
"Zip Code Tabulation Area","85531","AZ","85531","=""85531""","97365","2020-2024","2020","Census","Arizona (State)"
"Zip Code Tabulation Area","85532","AZ","85532","=""85532""","73802","2020-2024","2020","Census","Arizona (State)"
"Zip Code Tabulation Area","85533","AZ","85533","=""85533""","62784","2020-2024","2020","Census","Arizona (State)"
"Zip Code Tabulation Area","85534","AZ","85534","=""85534""","76250","2020-2024","2020","Census","Arizona (State)"
"Zip Code Tabulation Area","85535","AZ","85535","=""85535""","N/A","2020-2024","2020","Census","Arizona (State)"
"Zip Code Tabulation Area","85536","AZ","85536","=""85536""","104500","2020-2024","2020","Census","Arizona (State)"
"Zip Code Tabulation Area","85539","AZ","85539","=""85539""","47807","2020-2024","2020","Census","Arizona (State)"
"Zip Code Tabulation Area","85540","AZ","85540","=""85540""","78431","2020-2024","2020","Census","Arizona (State)"
"Zip Code Tabulation Area","85541","AZ","85541","=""85541""","66383","2020-2024","2020","Census","Arizona (State)"
"Zip Code Tabulation Area","85542","AZ","85542","=""85542""","29022","2020-2024","2020","Census","Arizona (State)"
"Zip Code Tabulation Area","85543","AZ","85543","=""85543""","92011","2020-2024","2020","Census","Arizona (State)"
"Zip Code Tabulation Area","85544","AZ","85544","=""85544""","59924","2020-2024","2020","Census","Arizona (State)"
"Zip Code Tabulation Area","85545","AZ","85545","=""85545""","53707","2020-2024","2020","Census","Arizona (State)"
"Zip Code Tabulation Area","85546","AZ","85546","=""85546""","61832","2020-2024","2020","Census","Arizona (State)"
"Zip Code Tabulation Area","85550","AZ","85550","=""85550""","51491","2020-2024","2020","Census","Arizona (State)"
"Zip Code Tabulation Area","85551","AZ","85551","=""85551""","76083","2020-2024","2020","Census","Arizona (State)"
"Zip Code Tabulation Area","85552","AZ","85552","=""85552""","88454","2020-2024","2020","Census","Arizona (State)"
"Zip Code Tabulation Area","85553","AZ","85553","=""85553""","50762","2020-2024","2020","Census","Arizona (State)"
"Zip Code Tabulation Area","85554","AZ","85554","=""85554""","N/A","2020-2024","2020","Census","Arizona (State)"
"Zip Code Tabulation Area","85601","AZ","85601","=""85601""","30542","2020-2024","2020","Census","Arizona (State)"
"Zip Code Tabulation Area","85602","AZ","85602","=""85602""","53008","2020-2024","2020","Census","Arizona (State)"
"Zip Code Tabulation Area","85603","AZ","85603","=""85603""","47680","2020-2024","2020","Census","Arizona (State)"
"Zip Code Tabulation Area","85605","AZ","85605","=""85605""","48558","2020-2024","2020","Census","Arizona (State)"
"Zip Code Tabulation Area","85606","AZ","85606","=""85606""","59306","2020-2024","2020","Census","Arizona (State)"
"Zip Code Tabulation Area","85607","AZ","85607","=""85607""","43351","2020-2024","2020","Census","Arizona (State)"
"Zip Code Tabulation Area","85608","AZ","85608","=""85608""","N/A","2020-2024","2020","Census","Arizona (State)"
"Zip Code Tabulation Area","85609","AZ","85609","=""85609""","78779","2020-2024","2020","Census","Arizona (State)"
"Zip Code Tabulation Area","85610","AZ","85610","=""85610""","34375","2020-2024","2020","Census","Arizona (State)"
"Zip Code Tabulation Area","85611","AZ","85611","=""85611""","91458","2020-2024","2020","Census","Arizona (State)"
"Zip Code Tabulation Area","85613","AZ","85613","=""85613""","89609","2020-2024","2020","Census","Arizona (State)"
"Zip Code Tabulation Area","85614","AZ","85614","=""85614""","64879","2020-2024","2020","Census","Arizona (State)"
"Zip Code Tabulation Area","85615","AZ","85615","=""85615""","73758","2020-2024","2020","Census","Arizona (State)"
"Zip Code Tabulation Area","85616","AZ","85616","=""85616""","51813","2020-2024","2020","Census","Arizona (State)"
"Zip Code Tabulation Area","85617","AZ","85617","=""85617""","43967","2020-2024","2020","Census","Arizona (State)"
"Zip Code Tabulation Area","85618","AZ","85618","=""85618""","51953","2020-2024","2020","Census","Arizona (State)"
"Zip Code Tabulation Area","85619","AZ","85619","=""85619""","N/A","2020-2024","2020","Census","Arizona (State)"
"Zip Code Tabulation Area","85620","AZ","85620","=""85620""","57738","2020-2024","2020","Census","Arizona (State)"
"Zip Code Tabulation Area","85621","AZ","85621","=""85621""","43464","2020-2024","2020","Census","Arizona (State)"
"Zip Code Tabulation Area","85622","AZ","85622","=""85622""","76959","2020-2024","2020","Census","Arizona (State)"
"Zip Code Tabulation Area","85623","AZ","85623","=""85623""","68541","2020-2024","2020","Census","Arizona (State)"
"Zip Code Tabulation Area","85624","AZ","85624","=""85624""","56053","2020-2024","2020","Census","Arizona (State)"
"Zip Code Tabulation Area","85625","AZ","85625","=""85625""","47500","2020-2024","2020","Census","Arizona (State)"
"Zip Code Tabulation Area","85626","AZ","85626","=""85626""","49519","2020-2024","2020","Census","Arizona (State)"
"Zip Code Tabulation Area","85627","AZ","85627","=""85627""","72917","2020-2024","2020","Census","Arizona (State)"
"Zip Code Tabulation Area","85629","AZ","85629","=""85629""","109253","2020-2024","2020","Census","Arizona (State)"
"Zip Code Tabulation Area","85630","AZ","85630","=""85630""","52146","2020-2024","2020","Census","Arizona (State)"
"Zip Code Tabulation Area","85631","AZ","85631","=""85631""","48389","2020-2024","2020","Census","Arizona (State)"
"Zip Code Tabulation Area","85632","AZ","85632","=""85632""","52917","2020-2024","2020","Census","Arizona (State)"
"Zip Code Tabulation Area","85633","AZ","85633","=""85633""","21000","2020-2024","2020","Census","Arizona (State)"
"Zip Code Tabulation Area","85634","AZ","85634","=""85634""","36389","2020-2024","2020","Census","Arizona (State)"
"Zip Code Tabulation Area","85635","AZ","85635","=""85635""","61580","2020-2024","2020","Census","Arizona (State)"
"Zip Code Tabulation Area","85637","AZ","85637","=""85637""","99688","2020-2024","2020","Census","Arizona (State)"
"Zip Code Tabulation Area","85638","AZ","85638","=""85638""","37604","2020-2024","2020","Census","Arizona (State)"
"Zip Code Tabulation Area","85639","AZ","85639","=""85639""","39333","2020-2024","2020","Census","Arizona (State)"
"Zip Code Tabulation Area","85640","AZ","85640","=""85640""","55417","2020-2024","2020","Census","Arizona (State)"
"Zip Code Tabulation Area","85641","AZ","85641","=""85641""","131164","2020-2024","2020","Census","Arizona (State)"
"Zip Code Tabulation Area","85643","AZ","85643","=""85643""","57903","2020-2024","2020","Census","Arizona (State)"
"Zip Code Tabulation Area","85645","AZ","85645","=""85645""","60714","2020-2024","2020","Census","Arizona (State)"
"Zip Code Tabulation Area","85646","AZ","85646","=""85646""","73438","2020-2024","2020","Census","Arizona (State)"
"Zip Code Tabulation Area","85648","AZ","85648","=""85648""","61519","2020-2024","2020","Census","Arizona (State)"
"Zip Code Tabulation Area","85650","AZ","85650","=""85650""","91654","2020-2024","2020","Census","Arizona (State)"
"Zip Code Tabulation Area","85653","AZ","85653","=""85653""","86154","2020-2024","2020","Census","Arizona (State)"
"Zip Code Tabulation Area","85654","AZ","85654","=""85654""","N/A","2020-2024","2020","Census","Arizona (State)"
"Zip Code Tabulation Area","85658","AZ","85658","=""85658""","123415","2020-2024","2020","Census","Arizona (State)"
"Zip Code Tabulation Area","85701","AZ","85701","=""85701""","51794","2020-2024","2020","Census","Arizona (State)"
"Zip Code Tabulation Area","85704","AZ","85704","=""85704""","81696","2020-2024","2020","Census","Arizona (State)"
"Zip Code Tabulation Area","85705","AZ","85705","=""85705""","37194","2020-2024","2020","Census","Arizona (State)"
"Zip Code Tabulation Area","85706","AZ","85706","=""85706""","50248","2020-2024","2020","Census","Arizona (State)"
"Zip Code Tabulation Area","85707","AZ","85707","=""85707""","N/A","2020-2024","2020","Census","Arizona (State)"
"Zip Code Tabulation Area","85708","AZ","85708","=""85708""","63919","2020-2024","2020","Census","Arizona (State)"
"Zip Code Tabulation Area","85709","AZ","85709","=""85709""","N/A","2020-2024","2020","Census","Arizona (State)"
"Zip Code Tabulation Area","85710","AZ","85710","=""85710""","57175","2020-2024","2020","Census","Arizona (State)"
"Zip Code Tabulation Area","85711","AZ","85711","=""85711""","56121","2020-2024","2020","Census","Arizona (State)"
"Zip Code Tabulation Area","85712","AZ","85712","=""85712""","50625","2020-2024","2020","Census","Arizona (State)"
"Zip Code Tabulation Area","85713","AZ","85713","=""85713""","53152","2020-2024","2020","Census","Arizona (State)"
"Zip Code Tabulation Area","85714","AZ","85714","=""85714""","55000","2020-2024","2020","Census","Arizona (State)"
"Zip Code Tabulation Area","85715","AZ","85715","=""85715""","85069","2020-2024","2020","Census","Arizona (State)"
"Zip Code Tabulation Area","85716","AZ","85716","=""85716""","49061","2020-2024","2020","Census","Arizona (State)"
"Zip Code Tabulation Area","85718","AZ","85718","=""85718""","114892","2020-2024","2020","Census","Arizona (State)"
"Zip Code Tabulation Area","85719","AZ","85719","=""85719""","42241","2020-2024","2020","Census","Arizona (State)"
"Zip Code Tabulation Area","85721","AZ","85721","=""85721""","N/A","2020-2024","2020","Census","Arizona (State)"
"Zip Code Tabulation Area","85723","AZ","85723","=""85723""","N/A","2020-2024","2020","Census","Arizona (State)"
"Zip Code Tabulation Area","85724","AZ","85724","=""85724""","N/A","2020-2024","2020","Census","Arizona (State)"
"Zip Code Tabulation Area","85726","AZ","85726","=""85726""","N/A","2020-2024","2020","Census","Arizona (State)"
"Zip Code Tabulation Area","85730","AZ","85730","=""85730""","62090","2020-2024","2020","Census","Arizona (State)"
"Zip Code Tabulation Area","85734","AZ","85734","=""85734""","N/A","2020-2024","2020","Census","Arizona (State)"
"Zip Code Tabulation Area","85735","AZ","85735","=""85735""","74158","2020-2024","2020","Census","Arizona (State)"
"Zip Code Tabulation Area","85736","AZ","85736","=""85736""","51250","2020-2024","2020","Census","Arizona (State)"
"Zip Code Tabulation Area","85737","AZ","85737","=""85737""","107348","2020-2024","2020","Census","Arizona (State)"
"Zip Code Tabulation Area","85739","AZ","85739","=""85739""","81711","2020-2024","2020","Census","Arizona (State)"
"Zip Code Tabulation Area","85741","AZ","85741","=""85741""","76271","2020-2024","2020","Census","Arizona (State)"
"Zip Code Tabulation Area","85742","AZ","85742","=""85742""","98844","2020-2024","2020","Census","Arizona (State)"
"Zip Code Tabulation Area","85743","AZ","85743","=""85743""","90093","2020-2024","2020","Census","Arizona (State)"
"Zip Code Tabulation Area","85745","AZ","85745","=""85745""","71348","2020-2024","2020","Census","Arizona (State)"
"Zip Code Tabulation Area","85746","AZ","85746","=""85746""","68903","2020-2024","2020","Census","Arizona (State)"
"Zip Code Tabulation Area","85747","AZ","85747","=""85747""","110816","2020-2024","2020","Census","Arizona (State)"
"Zip Code Tabulation Area","85748","AZ","85748","=""85748""","95750","2020-2024","2020","Census","Arizona (State)"
"Zip Code Tabulation Area","85749","AZ","85749","=""85749""","109219","2020-2024","2020","Census","Arizona (State)"
"Zip Code Tabulation Area","85750","AZ","85750","=""85750""","102836","2020-2024","2020","Census","Arizona (State)"
"Zip Code Tabulation Area","85755","AZ","85755","=""85755""","113831","2020-2024","2020","Census","Arizona (State)"
"Zip Code Tabulation Area","85756","AZ","85756","=""85756""","72490","2020-2024","2020","Census","Arizona (State)"
"Zip Code Tabulation Area","85757","AZ","85757","=""85757""","83219","2020-2024","2020","Census","Arizona (State)"
"Zip Code Tabulation Area","85901","AZ","85901","=""85901""","59779","2020-2024","2020","Census","Arizona (State)"
"Zip Code Tabulation Area","85902","AZ","85902","=""85902""","N/A","2020-2024","2020","Census","Arizona (State)"
"Zip Code Tabulation Area","85911","AZ","85911","=""85911""","25510","2020-2024","2020","Census","Arizona (State)"
"Zip Code Tabulation Area","85912","AZ","85912","=""85912""","93523","2020-2024","2020","Census","Arizona (State)"
"Zip Code Tabulation Area","85920","AZ","85920","=""85920""","73438","2020-2024","2020","Census","Arizona (State)"
"Zip Code Tabulation Area","85922","AZ","85922","=""85922""","55897","2020-2024","2020","Census","Arizona (State)"
"Zip Code Tabulation Area","85923","AZ","85923","=""85923""","N/A","2020-2024","2020","Census","Arizona (State)"
"Zip Code Tabulation Area","85924","AZ","85924","=""85924""","27058","2020-2024","2020","Census","Arizona (State)"
"Zip Code Tabulation Area","85925","AZ","85925","=""85925""","82708","2020-2024","2020","Census","Arizona (State)"
"Zip Code Tabulation Area","85926","AZ","85926","=""85926""","N/A","2020-2024","2020","Census","Arizona (State)"
"Zip Code Tabulation Area","85927","AZ","85927","=""85927""","92026","2020-2024","2020","Census","Arizona (State)"
"Zip Code Tabulation Area","85928","AZ","85928","=""85928""","41864","2020-2024","2020","Census","Arizona (State)"
"Zip Code Tabulation Area","85929","AZ","85929","=""85929""","62752","2020-2024","2020","Census","Arizona (State)"
"Zip Code Tabulation Area","85930","AZ","85930","=""85930""","54250","2020-2024","2020","Census","Arizona (State)"
"Zip Code Tabulation Area","85931","AZ","85931","=""85931""","87852","2020-2024","2020","Census","Arizona (State)"
"Zip Code Tabulation Area","85932","AZ","85932","=""85932""","N/A","2020-2024","2020","Census","Arizona (State)"
"Zip Code Tabulation Area","85933","AZ","85933","=""85933""","65735","2020-2024","2020","Census","Arizona (State)"
"Zip Code Tabulation Area","85934","AZ","85934","=""85934""","56567","2020-2024","2020","Census","Arizona (State)"
"Zip Code Tabulation Area","85935","AZ","85935","=""85935""","73333","2020-2024","2020","Census","Arizona (State)"
"Zip Code Tabulation Area","85936","AZ","85936","=""85936""","131238","2020-2024","2020","Census","Arizona (State)"
"Zip Code Tabulation Area","85937","AZ","85937","=""85937""","69702","2020-2024","2020","Census","Arizona (State)"
"Zip Code Tabulation Area","85938","AZ","85938","=""85938""","49684","2020-2024","2020","Census","Arizona (State)"
"Zip Code Tabulation Area","85939","AZ","85939","=""85939""","90496","2020-2024","2020","Census","Arizona (State)"
"Zip Code Tabulation Area","85940","AZ","85940","=""85940""","110486","2020-2024","2020","Census","Arizona (State)"
"Zip Code Tabulation Area","85941","AZ","85941","=""85941""","43259","2020-2024","2020","Census","Arizona (State)"
"Zip Code Tabulation Area","85942","AZ","85942","=""85942""","N/A","2020-2024","2020","Census","Arizona (State)"
"Zip Code Tabulation Area","86001","AZ","86001","=""86001""","64626","2020-2024","2020","Census","Arizona (State)"
"Zip Code Tabulation Area","86003","AZ","86003","=""86003""","N/A","2020-2024","2020","Census","Arizona (State)"
"Zip Code Tabulation Area","86004","AZ","86004","=""86004""","81172","2020-2024","2020","Census","Arizona (State)"
"Zip Code Tabulation Area","86005","AZ","86005","=""86005""","87942","2020-2024","2020","Census","Arizona (State)"
"Zip Code Tabulation Area","86011","AZ","86011","=""86011""","N/A","2020-2024","2020","Census","Arizona (State)"
"Zip Code Tabulation Area","86015","AZ","86015","=""86015""","119722","2020-2024","2020","Census","Arizona (State)"
"Zip Code Tabulation Area","86016","AZ","86016","=""86016""","2499","2020-2024","2020","Census","Arizona (State)"
"Zip Code Tabulation Area","86017","AZ","86017","=""86017""","N/A","2020-2024","2020","Census","Arizona (State)"
"Zip Code Tabulation Area","86018","AZ","86018","=""86018""","77279","2020-2024","2020","Census","Arizona (State)"
"Zip Code Tabulation Area","86020","AZ","86020","=""86020""","35909","2020-2024","2020","Census","Arizona (State)"
"Zip Code Tabulation Area","86021","AZ","86021","=""86021""","90096","2020-2024","2020","Census","Arizona (State)"
"Zip Code Tabulation Area","86022","AZ","86022","=""86022""","61923","2020-2024","2020","Census","Arizona (State)"
"Zip Code Tabulation Area","86023","AZ","86023","=""86023""","74286","2020-2024","2020","Census","Arizona (State)"
"Zip Code Tabulation Area","86024","AZ","86024","=""86024""","73421","2020-2024","2020","Census","Arizona (State)"
"Zip Code Tabulation Area","86025","AZ","86025","=""86025""","56919","2020-2024","2020","Census","Arizona (State)"
"Zip Code Tabulation Area","86028","AZ","86028","=""86028""","N/A","2020-2024","2020","Census","Arizona (State)"
"Zip Code Tabulation Area","86029","AZ","86029","=""86029""","N/A","2020-2024","2020","Census","Arizona (State)"
"Zip Code Tabulation Area","86030","AZ","86030","=""86030""","17321","2020-2024","2020","Census","Arizona (State)"
"Zip Code Tabulation Area","86031","AZ","86031","=""86031""","32500","2020-2024","2020","Census","Arizona (State)"
"Zip Code Tabulation Area","86032","AZ","86032","=""86032""","73194","2020-2024","2020","Census","Arizona (State)"
"Zip Code Tabulation Area","86033","AZ","86033","=""86033""","40313","2020-2024","2020","Census","Arizona (State)"
"Zip Code Tabulation Area","86034","AZ","86034","=""86034""","37286","2020-2024","2020","Census","Arizona (State)"
"Zip Code Tabulation Area","86035","AZ","86035","=""86035""","45750","2020-2024","2020","Census","Arizona (State)"
"Zip Code Tabulation Area","86036","AZ","86036","=""86036""","78250","2020-2024","2020","Census","Arizona (State)"
"Zip Code Tabulation Area","86038","AZ","86038","=""86038""","43942","2020-2024","2020","Census","Arizona (State)"
"Zip Code Tabulation Area","86039","AZ","86039","=""86039""","30000","2020-2024","2020","Census","Arizona (State)"
"Zip Code Tabulation Area","86040","AZ","86040","=""86040""","83299","2020-2024","2020","Census","Arizona (State)"
"Zip Code Tabulation Area","86042","AZ","86042","=""86042""","69940","2020-2024","2020","Census","Arizona (State)"
"Zip Code Tabulation Area","86043","AZ","86043","=""86043""","N/A","2020-2024","2020","Census","Arizona (State)"
"Zip Code Tabulation Area","86044","AZ","86044","=""86044""","33167","2020-2024","2020","Census","Arizona (State)"
"Zip Code Tabulation Area","86045","AZ","86045","=""86045""","50844","2020-2024","2020","Census","Arizona (State)"
"Zip Code Tabulation Area","86046","AZ","86046","=""86046""","79095","2020-2024","2020","Census","Arizona (State)"
"Zip Code Tabulation Area","86047","AZ","86047","=""86047""","54441","2020-2024","2020","Census","Arizona (State)"
"Zip Code Tabulation Area","86052","AZ","86052","=""86052""","N/A","2020-2024","2020","Census","Arizona (State)"
"Zip Code Tabulation Area","86053","AZ","86053","=""86053""","40956","2020-2024","2020","Census","Arizona (State)"
"Zip Code Tabulation Area","86054","AZ","86054","=""86054""","24063","2020-2024","2020","Census","Arizona (State)"
"Zip Code Tabulation Area","86301","AZ","86301","=""86301""","72652","2020-2024","2020","Census","Arizona (State)"
"Zip Code Tabulation Area","86303","AZ","86303","=""86303""","72359","2020-2024","2020","Census","Arizona (State)"
"Zip Code Tabulation Area","86305","AZ","86305","=""86305""","80436","2020-2024","2020","Census","Arizona (State)"
"Zip Code Tabulation Area","86313","AZ","86313","=""86313""","N/A","2020-2024","2020","Census","Arizona (State)"
"Zip Code Tabulation Area","86314","AZ","86314","=""86314""","69208","2020-2024","2020","Census","Arizona (State)"
"Zip Code Tabulation Area","86315","AZ","86315","=""86315""","97049","2020-2024","2020","Census","Arizona (State)"
"Zip Code Tabulation Area","86320","AZ","86320","=""86320""","42609","2020-2024","2020","Census","Arizona (State)"
"Zip Code Tabulation Area","86321","AZ","86321","=""86321""","94006","2020-2024","2020","Census","Arizona (State)"
"Zip Code Tabulation Area","86322","AZ","86322","=""86322""","69411","2020-2024","2020","Census","Arizona (State)"
"Zip Code Tabulation Area","86323","AZ","86323","=""86323""","62603","2020-2024","2020","Census","Arizona (State)"
"Zip Code Tabulation Area","86324","AZ","86324","=""86324""","46813","2020-2024","2020","Census","Arizona (State)"
"Zip Code Tabulation Area","86325","AZ","86325","=""86325""","74679","2020-2024","2020","Census","Arizona (State)"
"Zip Code Tabulation Area","86326","AZ","86326","=""86326""","57378","2020-2024","2020","Census","Arizona (State)"
"Zip Code Tabulation Area","86327","AZ","86327","=""86327""","71512","2020-2024","2020","Census","Arizona (State)"
"Zip Code Tabulation Area","86329","AZ","86329","=""86329""","58875","2020-2024","2020","Census","Arizona (State)"
"Zip Code Tabulation Area","86331","AZ","86331","=""86331""","40096","2020-2024","2020","Census","Arizona (State)"
"Zip Code Tabulation Area","86332","AZ","86332","=""86332""","49891","2020-2024","2020","Census","Arizona (State)"
"Zip Code Tabulation Area","86333","AZ","86333","=""86333""","55602","2020-2024","2020","Census","Arizona (State)"
"Zip Code Tabulation Area","86334","AZ","86334","=""86334""","78723","2020-2024","2020","Census","Arizona (State)"
"Zip Code Tabulation Area","86335","AZ","86335","=""86335""","64455","2020-2024","2020","Census","Arizona (State)"
"Zip Code Tabulation Area","86336","AZ","86336","=""86336""","68435","2020-2024","2020","Census","Arizona (State)"
"Zip Code Tabulation Area","86337","AZ","86337","=""86337""","50851","2020-2024","2020","Census","Arizona (State)"
"Zip Code Tabulation Area","86338","AZ","86338","=""86338""","68229","2020-2024","2020","Census","Arizona (State)"
"Zip Code Tabulation Area","86343","AZ","86343","=""86343""","71417","2020-2024","2020","Census","Arizona (State)"
"Zip Code Tabulation Area","86351","AZ","86351","=""86351""","81203","2020-2024","2020","Census","Arizona (State)"
"Zip Code Tabulation Area","86401","AZ","86401","=""86401""","66129","2020-2024","2020","Census","Arizona (State)"
"Zip Code Tabulation Area","86403","AZ","86403","=""86403""","58967","2020-2024","2020","Census","Arizona (State)"
"Zip Code Tabulation Area","86404","AZ","86404","=""86404""","72910","2020-2024","2020","Census","Arizona (State)"
"Zip Code Tabulation Area","86406","AZ","86406","=""86406""","77506","2020-2024","2020","Census","Arizona (State)"
"Zip Code Tabulation Area","86409","AZ","86409","=""86409""","50852","2020-2024","2020","Census","Arizona (State)"
"Zip Code Tabulation Area","86411","AZ","86411","=""86411""","67697","2020-2024","2020","Census","Arizona (State)"
"Zip Code Tabulation Area","86413","AZ","86413","=""86413""","41760","2020-2024","2020","Census","Arizona (State)"
"Zip Code Tabulation Area","86426","AZ","86426","=""86426""","64551","2020-2024","2020","Census","Arizona (State)"
"Zip Code Tabulation Area","86429","AZ","86429","=""86429""","58906","2020-2024","2020","Census","Arizona (State)"
"Zip Code Tabulation Area","86431","AZ","86431","=""86431""","N/A","2020-2024","2020","Census","Arizona (State)"
"Zip Code Tabulation Area","86432","AZ","86432","=""86432""","48627","2020-2024","2020","Census","Arizona (State)"
"Zip Code Tabulation Area","86433","AZ","86433","=""86433""","N/A","2020-2024","2020","Census","Arizona (State)"
"Zip Code Tabulation Area","86434","AZ","86434","=""86434""","58080","2020-2024","2020","Census","Arizona (State)"
"Zip Code Tabulation Area","86435","AZ","86435","=""86435""","N/A","2020-2024","2020","Census","Arizona (State)"
"Zip Code Tabulation Area","86436","AZ","86436","=""86436""","44077","2020-2024","2020","Census","Arizona (State)"
"Zip Code Tabulation Area","86437","AZ","86437","=""86437""","78125","2020-2024","2020","Census","Arizona (State)"
"Zip Code Tabulation Area","86438","AZ","86438","=""86438""","41985","2020-2024","2020","Census","Arizona (State)"
"Zip Code Tabulation Area","86440","AZ","86440","=""86440""","63188","2020-2024","2020","Census","Arizona (State)"
"Zip Code Tabulation Area","86441","AZ","86441","=""86441""","25098","2020-2024","2020","Census","Arizona (State)"
"Zip Code Tabulation Area","86442","AZ","86442","=""86442""","48081","2020-2024","2020","Census","Arizona (State)"
"Zip Code Tabulation Area","86443","AZ","86443","=""86443""","N/A","2020-2024","2020","Census","Arizona (State)"
"Zip Code Tabulation Area","86444","AZ","86444","=""86444""","26678","2020-2024","2020","Census","Arizona (State)"
"Zip Code Tabulation Area","86445","AZ","86445","=""86445""","N/A","2020-2024","2020","Census","Arizona (State)"
"Zip Code Tabulation Area","86502","AZ","86502","=""86502""","20500","2020-2024","2020","Census","Arizona (State)"
"Zip Code Tabulation Area","86503","AZ","86503","=""86503""","36321","2020-2024","2020","Census","Arizona (State)"
"Zip Code Tabulation Area","86504","AZ","86504","=""86504""","46573","2020-2024","2020","Census","Arizona (State)"
"Zip Code Tabulation Area","86505","AZ","86505","=""86505""","28547","2020-2024","2020","Census","Arizona (State)"
"Zip Code Tabulation Area","86506","AZ","86506","=""86506""","31563","2020-2024","2020","Census","Arizona (State)"
"Zip Code Tabulation Area","86507","AZ","86507","=""86507""","35924","2020-2024","2020","Census","Arizona (State)"
"Zip Code Tabulation Area","86508","AZ","86508","=""86508""","17054","2020-2024","2020","Census","Arizona (State)"
"Zip Code Tabulation Area","86510","AZ","86510","=""86510""","29211","2020-2024","2020","Census","Arizona (State)"
"Zip Code Tabulation Area","86511","AZ","86511","=""86511""","41000","2020-2024","2020","Census","Arizona (State)"
"Zip Code Tabulation Area","86512","AZ","86512","=""86512""","31087","2020-2024","2020","Census","Arizona (State)"
"Zip Code Tabulation Area","86514","AZ","86514","=""86514""","47917","2020-2024","2020","Census","Arizona (State)"
"Zip Code Tabulation Area","86520","AZ","86520","=""86520""","15417","2020-2024","2020","Census","Arizona (State)"
"Zip Code Tabulation Area","86535","AZ","86535","=""86535""","31250","2020-2024","2020","Census","Arizona (State)"
"Zip Code Tabulation Area","86538","AZ","86538","=""86538""","30268","2020-2024","2020","Census","Arizona (State)"
"Zip Code Tabulation Area","86540","AZ","86540","=""86540""","24271","2020-2024","2020","Census","Arizona (State)"
"Zip Code Tabulation Area","86544","AZ","86544","=""86544""","23068","2020-2024","2020","Census","Arizona (State)"
"Zip Code Tabulation Area","86545","AZ","86545","=""86545""","26071","2020-2024","2020","Census","Arizona (State)"
"Zip Code Tabulation Area","86547","AZ","86547","=""86547""","39000","2020-2024","2020","Census","Arizona (State)"
"Zip Code Tabulation Area","86556","AZ","86556","=""86556""","27875","2020-2024","2020","Census","Arizona (State)"
