"Geography Type Description","Geography Name","Sits in State","GeoID","Formatted GeoID","Population","Data Time Period","Geographic Vintage","Data Source","Selected Location"
"GeoID_Description","GeoID_Name","SitsinState","GeoID","GeoID_Formatted","cpop","TimeFrame","GeoVintage","Source","Location"
"Zip Code Tabulation Area","85003","AZ","85003","=""85003""","10875","2020-2024","2020","Census","Arizona (State)"
"Zip Code Tabulation Area","85004","AZ","85004","=""85004""","12408","2020-2024","2020","Census","Arizona (State)"
"Zip Code Tabulation Area","85006","AZ","85006","=""85006""","21905","2020-2024","2020","Census","Arizona (State)"
"Zip Code Tabulation Area","85007","AZ","85007","=""85007""","13575","2020-2024","2020","Census","Arizona (State)"
"Zip Code Tabulation Area","85008","AZ","85008","=""85008""","59716","2020-2024","2020","Census","Arizona (State)"
"Zip Code Tabulation Area","85009","AZ","85009","=""85009""","52064","2020-2024","2020","Census","Arizona (State)"
"Zip Code Tabulation Area","85012","AZ","85012","=""85012""","8704","2020-2024","2020","Census","Arizona (State)"
"Zip Code Tabulation Area","85013","AZ","85013","=""85013""","22490","2020-2024","2020","Census","Arizona (State)"
"Zip Code Tabulation Area","85014","AZ","85014","=""85014""","25911","2020-2024","2020","Census","Arizona (State)"
"Zip Code Tabulation Area","85015","AZ","85015","=""85015""","41490","2020-2024","2020","Census","Arizona (State)"
"Zip Code Tabulation Area","85016","AZ","85016","=""85016""","37074","2020-2024","2020","Census","Arizona (State)"
"Zip Code Tabulation Area","85017","AZ","85017","=""85017""","46129","2020-2024","2020","Census","Arizona (State)"
"Zip Code Tabulation Area","85018","AZ","85018","=""85018""","37297","2020-2024","2020","Census","Arizona (State)"
"Zip Code Tabulation Area","85019","AZ","85019","=""85019""","27429","2020-2024","2020","Census","Arizona (State)"
"Zip Code Tabulation Area","85020","AZ","85020","=""85020""","34916","2020-2024","2020","Census","Arizona (State)"
"Zip Code Tabulation Area","85021","AZ","85021","=""85021""","39828","2020-2024","2020","Census","Arizona (State)"
"Zip Code Tabulation Area","85022","AZ","85022","=""85022""","53811","2020-2024","2020","Census","Arizona (State)"
"Zip Code Tabulation Area","85023","AZ","85023","=""85023""","35034","2020-2024","2020","Census","Arizona (State)"
"Zip Code Tabulation Area","85024","AZ","85024","=""85024""","26199","2020-2024","2020","Census","Arizona (State)"
"Zip Code Tabulation Area","85026","AZ","85026","=""85026""","0","2020-2024","2020","Census","Arizona (State)"
"Zip Code Tabulation Area","85027","AZ","85027","=""85027""","39487","2020-2024","2020","Census","Arizona (State)"
"Zip Code Tabulation Area","85028","AZ","85028","=""85028""","18752","2020-2024","2020","Census","Arizona (State)"
"Zip Code Tabulation Area","85029","AZ","85029","=""85029""","49683","2020-2024","2020","Census","Arizona (State)"
"Zip Code Tabulation Area","85031","AZ","85031","=""85031""","31191","2020-2024","2020","Census","Arizona (State)"
"Zip Code Tabulation Area","85032","AZ","85032","=""85032""","70839","2020-2024","2020","Census","Arizona (State)"
"Zip Code Tabulation Area","85033","AZ","85033","=""85033""","57591","2020-2024","2020","Census","Arizona (State)"
"Zip Code Tabulation Area","85034","AZ","85034","=""85034""","4854","2020-2024","2020","Census","Arizona (State)"
"Zip Code Tabulation Area","85035","AZ","85035","=""85035""","53424","2020-2024","2020","Census","Arizona (State)"
"Zip Code Tabulation Area","85037","AZ","85037","=""85037""","54608","2020-2024","2020","Census","Arizona (State)"
"Zip Code Tabulation Area","85040","AZ","85040","=""85040""","34117","2020-2024","2020","Census","Arizona (State)"
"Zip Code Tabulation Area","85041","AZ","85041","=""85041""","63862","2020-2024","2020","Census","Arizona (State)"
"Zip Code Tabulation Area","85042","AZ","85042","=""85042""","45903","2020-2024","2020","Census","Arizona (State)"
"Zip Code Tabulation Area","85043","AZ","85043","=""85043""","41331","2020-2024","2020","Census","Arizona (State)"
"Zip Code Tabulation Area","85044","AZ","85044","=""85044""","39347","2020-2024","2020","Census","Arizona (State)"
"Zip Code Tabulation Area","85045","AZ","85045","=""85045""","7600","2020-2024","2020","Census","Arizona (State)"
"Zip Code Tabulation Area","85048","AZ","85048","=""85048""","34664","2020-2024","2020","Census","Arizona (State)"
"Zip Code Tabulation Area","85050","AZ","85050","=""85050""","33118","2020-2024","2020","Census","Arizona (State)"
"Zip Code Tabulation Area","85051","AZ","85051","=""85051""","45768","2020-2024","2020","Census","Arizona (State)"
"Zip Code Tabulation Area","85053","AZ","85053","=""85053""","29773","2020-2024","2020","Census","Arizona (State)"
"Zip Code Tabulation Area","85054","AZ","85054","=""85054""","10346","2020-2024","2020","Census","Arizona (State)"
"Zip Code Tabulation Area","85083","AZ","85083","=""85083""","21022","2020-2024","2020","Census","Arizona (State)"
"Zip Code Tabulation Area","85085","AZ","85085","=""85085""","31458","2020-2024","2020","Census","Arizona (State)"
"Zip Code Tabulation Area","85086","AZ","85086","=""85086""","43270","2020-2024","2020","Census","Arizona (State)"
"Zip Code Tabulation Area","85087","AZ","85087","=""85087""","10157","2020-2024","2020","Census","Arizona (State)"
"Zip Code Tabulation Area","85118","AZ","85118","=""85118""","14932","2020-2024","2020","Census","Arizona (State)"
"Zip Code Tabulation Area","85119","AZ","85119","=""85119""","25420","2020-2024","2020","Census","Arizona (State)"
"Zip Code Tabulation Area","85120","AZ","85120","=""85120""","31191","2020-2024","2020","Census","Arizona (State)"
"Zip Code Tabulation Area","85121","AZ","85121","=""85121""","2800","2020-2024","2020","Census","Arizona (State)"
"Zip Code Tabulation Area","85122","AZ","85122","=""85122""","61624","2020-2024","2020","Census","Arizona (State)"
"Zip Code Tabulation Area","85123","AZ","85123","=""85123""","10003","2020-2024","2020","Census","Arizona (State)"
"Zip Code Tabulation Area","85128","AZ","85128","=""85128""","19487","2020-2024","2020","Census","Arizona (State)"
"Zip Code Tabulation Area","85131","AZ","85131","=""85131""","18794","2020-2024","2020","Census","Arizona (State)"
"Zip Code Tabulation Area","85132","AZ","85132","=""85132""","38671","2020-2024","2020","Census","Arizona (State)"
"Zip Code Tabulation Area","85135","AZ","85135","=""85135""","331","2020-2024","2020","Census","Arizona (State)"
"Zip Code Tabulation Area","85137","AZ","85137","=""85137""","2406","2020-2024","2020","Census","Arizona (State)"
"Zip Code Tabulation Area","85138","AZ","85138","=""85138""","55260","2020-2024","2020","Census","Arizona (State)"
"Zip Code Tabulation Area","85139","AZ","85139","=""85139""","20784","2020-2024","2020","Census","Arizona (State)"
"Zip Code Tabulation Area","85140","AZ","85140","=""85140""","51260","2020-2024","2020","Census","Arizona (State)"
"Zip Code Tabulation Area","85141","AZ","85141","=""85141""","364","2020-2024","2020","Census","Arizona (State)"
"Zip Code Tabulation Area","85142","AZ","85142","=""85142""","93700","2020-2024","2020","Census","Arizona (State)"
"Zip Code Tabulation Area","85143","AZ","85143","=""85143""","44444","2020-2024","2020","Census","Arizona (State)"
"Zip Code Tabulation Area","85145","AZ","85145","=""85145""","3277","2020-2024","2020","Census","Arizona (State)"
"Zip Code Tabulation Area","85147","AZ","85147","=""85147""","4911","2020-2024","2020","Census","Arizona (State)"
"Zip Code Tabulation Area","85172","AZ","85172","=""85172""","1688","2020-2024","2020","Census","Arizona (State)"
"Zip Code Tabulation Area","85173","AZ","85173","=""85173""","2600","2020-2024","2020","Census","Arizona (State)"
"Zip Code Tabulation Area","85191","AZ","85191","=""85191""","32","2020-2024","2020","Census","Arizona (State)"
"Zip Code Tabulation Area","85192","AZ","85192","=""85192""","1849","2020-2024","2020","Census","Arizona (State)"
"Zip Code Tabulation Area","85193","AZ","85193","=""85193""","4118","2020-2024","2020","Census","Arizona (State)"
"Zip Code Tabulation Area","85194","AZ","85194","=""85194""","8077","2020-2024","2020","Census","Arizona (State)"
"Zip Code Tabulation Area","85201","AZ","85201","=""85201""","51400","2020-2024","2020","Census","Arizona (State)"
"Zip Code Tabulation Area","85202","AZ","85202","=""85202""","38750","2020-2024","2020","Census","Arizona (State)"
"Zip Code Tabulation Area","85203","AZ","85203","=""85203""","38035","2020-2024","2020","Census","Arizona (State)"
"Zip Code Tabulation Area","85204","AZ","85204","=""85204""","65155","2020-2024","2020","Census","Arizona (State)"
"Zip Code Tabulation Area","85205","AZ","85205","=""85205""","45116","2020-2024","2020","Census","Arizona (State)"
"Zip Code Tabulation Area","85206","AZ","85206","=""85206""","37235","2020-2024","2020","Census","Arizona (State)"
"Zip Code Tabulation Area","85207","AZ","85207","=""85207""","51178","2020-2024","2020","Census","Arizona (State)"
"Zip Code Tabulation Area","85208","AZ","85208","=""85208""","37225","2020-2024","2020","Census","Arizona (State)"
"Zip Code Tabulation Area","85209","AZ","85209","=""85209""","43150","2020-2024","2020","Census","Arizona (State)"
"Zip Code Tabulation Area","85210","AZ","85210","=""85210""","39015","2020-2024","2020","Census","Arizona (State)"
"Zip Code Tabulation Area","85212","AZ","85212","=""85212""","55283","2020-2024","2020","Census","Arizona (State)"
"Zip Code Tabulation Area","85213","AZ","85213","=""85213""","36836","2020-2024","2020","Census","Arizona (State)"
"Zip Code Tabulation Area","85215","AZ","85215","=""85215""","16888","2020-2024","2020","Census","Arizona (State)"
"Zip Code Tabulation Area","85224","AZ","85224","=""85224""","47963","2020-2024","2020","Census","Arizona (State)"
"Zip Code Tabulation Area","85225","AZ","85225","=""85225""","72297","2020-2024","2020","Census","Arizona (State)"
"Zip Code Tabulation Area","85226","AZ","85226","=""85226""","42294","2020-2024","2020","Census","Arizona (State)"
"Zip Code Tabulation Area","85233","AZ","85233","=""85233""","39077","2020-2024","2020","Census","Arizona (State)"
"Zip Code Tabulation Area","85234","AZ","85234","=""85234""","51283","2020-2024","2020","Census","Arizona (State)"
"Zip Code Tabulation Area","85236","AZ","85236","=""85236""","0","2020-2024","2020","Census","Arizona (State)"
"Zip Code Tabulation Area","85248","AZ","85248","=""85248""","37095","2020-2024","2020","Census","Arizona (State)"
"Zip Code Tabulation Area","85249","AZ","85249","=""85249""","48746","2020-2024","2020","Census","Arizona (State)"
"Zip Code Tabulation Area","85250","AZ","85250","=""85250""","15394","2020-2024","2020","Census","Arizona (State)"
"Zip Code Tabulation Area","85251","AZ","85251","=""85251""","40780","2020-2024","2020","Census","Arizona (State)"
"Zip Code Tabulation Area","85253","AZ","85253","=""85253""","17904","2020-2024","2020","Census","Arizona (State)"
"Zip Code Tabulation Area","85254","AZ","85254","=""85254""","45558","2020-2024","2020","Census","Arizona (State)"
"Zip Code Tabulation Area","85255","AZ","85255","=""85255""","45346","2020-2024","2020","Census","Arizona (State)"
"Zip Code Tabulation Area","85256","AZ","85256","=""85256""","3504","2020-2024","2020","Census","Arizona (State)"
"Zip Code Tabulation Area","85257","AZ","85257","=""85257""","29812","2020-2024","2020","Census","Arizona (State)"
"Zip Code Tabulation Area","85258","AZ","85258","=""85258""","25545","2020-2024","2020","Census","Arizona (State)"
"Zip Code Tabulation Area","85259","AZ","85259","=""85259""","21670","2020-2024","2020","Census","Arizona (State)"
"Zip Code Tabulation Area","85260","AZ","85260","=""85260""","39896","2020-2024","2020","Census","Arizona (State)"
"Zip Code Tabulation Area","85262","AZ","85262","=""85262""","14329","2020-2024","2020","Census","Arizona (State)"
"Zip Code Tabulation Area","85263","AZ","85263","=""85263""","3472","2020-2024","2020","Census","Arizona (State)"
"Zip Code Tabulation Area","85264","AZ","85264","=""85264""","1261","2020-2024","2020","Census","Arizona (State)"
"Zip Code Tabulation Area","85266","AZ","85266","=""85266""","12516","2020-2024","2020","Census","Arizona (State)"
"Zip Code Tabulation Area","85268","AZ","85268","=""85268""","23849","2020-2024","2020","Census","Arizona (State)"
"Zip Code Tabulation Area","85281","AZ","85281","=""85281""","72762","2020-2024","2020","Census","Arizona (State)"
"Zip Code Tabulation Area","85282","AZ","85282","=""85282""","53624","2020-2024","2020","Census","Arizona (State)"
"Zip Code Tabulation Area","85283","AZ","85283","=""85283""","47459","2020-2024","2020","Census","Arizona (State)"
"Zip Code Tabulation Area","85284","AZ","85284","=""85284""","19492","2020-2024","2020","Census","Arizona (State)"
"Zip Code Tabulation Area","85286","AZ","85286","=""85286""","50621","2020-2024","2020","Census","Arizona (State)"
"Zip Code Tabulation Area","85295","AZ","85295","=""85295""","56744","2020-2024","2020","Census","Arizona (State)"
"Zip Code Tabulation Area","85296","AZ","85296","=""85296""","53076","2020-2024","2020","Census","Arizona (State)"
"Zip Code Tabulation Area","85297","AZ","85297","=""85297""","37475","2020-2024","2020","Census","Arizona (State)"
"Zip Code Tabulation Area","85298","AZ","85298","=""85298""","44114","2020-2024","2020","Census","Arizona (State)"
"Zip Code Tabulation Area","85301","AZ","85301","=""85301""","68178","2020-2024","2020","Census","Arizona (State)"
"Zip Code Tabulation Area","85302","AZ","85302","=""85302""","40612","2020-2024","2020","Census","Arizona (State)"
"Zip Code Tabulation Area","85303","AZ","85303","=""85303""","33663","2020-2024","2020","Census","Arizona (State)"
"Zip Code Tabulation Area","85304","AZ","85304","=""85304""","29861","2020-2024","2020","Census","Arizona (State)"
"Zip Code Tabulation Area","85305","AZ","85305","=""85305""","18043","2020-2024","2020","Census","Arizona (State)"
"Zip Code Tabulation Area","85306","AZ","85306","=""85306""","24911","2020-2024","2020","Census","Arizona (State)"
"Zip Code Tabulation Area","85307","AZ","85307","=""85307""","14223","2020-2024","2020","Census","Arizona (State)"
"Zip Code Tabulation Area","85308","AZ","85308","=""85308""","65095","2020-2024","2020","Census","Arizona (State)"
"Zip Code Tabulation Area","85309","AZ","85309","=""85309""","960","2020-2024","2020","Census","Arizona (State)"
"Zip Code Tabulation Area","85310","AZ","85310","=""85310""","19964","2020-2024","2020","Census","Arizona (State)"
"Zip Code Tabulation Area","85320","AZ","85320","=""85320""","458","2020-2024","2020","Census","Arizona (State)"
"Zip Code Tabulation Area","85321","AZ","85321","=""85321""","3555","2020-2024","2020","Census","Arizona (State)"
"Zip Code Tabulation Area","85322","AZ","85322","=""85322""","476","2020-2024","2020","Census","Arizona (State)"
"Zip Code Tabulation Area","85323","AZ","85323","=""85323""","47043","2020-2024","2020","Census","Arizona (State)"
"Zip Code Tabulation Area","85324","AZ","85324","=""85324""","2181","2020-2024","2020","Census","Arizona (State)"
"Zip Code Tabulation Area","85325","AZ","85325","=""85325""","1203","2020-2024","2020","Census","Arizona (State)"
"Zip Code Tabulation Area","85326","AZ","85326","=""85326""","75359","2020-2024","2020","Census","Arizona (State)"
"Zip Code Tabulation Area","85328","AZ","85328","=""85328""","245","2020-2024","2020","Census","Arizona (State)"
"Zip Code Tabulation Area","85329","AZ","85329","=""85329""","2252","2020-2024","2020","Census","Arizona (State)"
"Zip Code Tabulation Area","85331","AZ","85331","=""85331""","31968","2020-2024","2020","Census","Arizona (State)"
"Zip Code Tabulation Area","85332","AZ","85332","=""85332""","1577","2020-2024","2020","Census","Arizona (State)"
"Zip Code Tabulation Area","85333","AZ","85333","=""85333""","442","2020-2024","2020","Census","Arizona (State)"
"Zip Code Tabulation Area","85334","AZ","85334","=""85334""","697","2020-2024","2020","Census","Arizona (State)"
"Zip Code Tabulation Area","85335","AZ","85335","=""85335""","36088","2020-2024","2020","Census","Arizona (State)"
"Zip Code Tabulation Area","85336","AZ","85336","=""85336""","6514","2020-2024","2020","Census","Arizona (State)"
"Zip Code Tabulation Area","85337","AZ","85337","=""85337""","2041","2020-2024","2020","Census","Arizona (State)"
"Zip Code Tabulation Area","85338","AZ","85338","=""85338""","67451","2020-2024","2020","Census","Arizona (State)"
"Zip Code Tabulation Area","85339","AZ","85339","=""85339""","54641","2020-2024","2020","Census","Arizona (State)"
"Zip Code Tabulation Area","85340","AZ","85340","=""85340""","40919","2020-2024","2020","Census","Arizona (State)"
"Zip Code Tabulation Area","85341","AZ","85341","=""85341""","37","2020-2024","2020","Census","Arizona (State)"
"Zip Code Tabulation Area","85342","AZ","85342","=""85342""","1823","2020-2024","2020","Census","Arizona (State)"
"Zip Code Tabulation Area","85343","AZ","85343","=""85343""","18","2020-2024","2020","Census","Arizona (State)"
"Zip Code Tabulation Area","85344","AZ","85344","=""85344""","9433","2020-2024","2020","Census","Arizona (State)"
"Zip Code Tabulation Area","85345","AZ","85345","=""85345""","60918","2020-2024","2020","Census","Arizona (State)"
"Zip Code Tabulation Area","85346","AZ","85346","=""85346""","2458","2020-2024","2020","Census","Arizona (State)"
"Zip Code Tabulation Area","85347","AZ","85347","=""85347""","575","2020-2024","2020","Census","Arizona (State)"
"Zip Code Tabulation Area","85348","AZ","85348","=""85348""","2112","2020-2024","2020","Census","Arizona (State)"
"Zip Code Tabulation Area","85349","AZ","85349","=""85349""","31316","2020-2024","2020","Census","Arizona (State)"
"Zip Code Tabulation Area","85350","AZ","85350","=""85350""","19011","2020-2024","2020","Census","Arizona (State)"
"Zip Code Tabulation Area","85351","AZ","85351","=""85351""","27592","2020-2024","2020","Census","Arizona (State)"
"Zip Code Tabulation Area","85352","AZ","85352","=""85352""","278","2020-2024","2020","Census","Arizona (State)"
"Zip Code Tabulation Area","85353","AZ","85353","=""85353""","49120","2020-2024","2020","Census","Arizona (State)"
"Zip Code Tabulation Area","85354","AZ","85354","=""85354""","8531","2020-2024","2020","Census","Arizona (State)"
"Zip Code Tabulation Area","85355","AZ","85355","=""85355""","14460","2020-2024","2020","Census","Arizona (State)"
"Zip Code Tabulation Area","85356","AZ","85356","=""85356""","3840","2020-2024","2020","Census","Arizona (State)"
"Zip Code Tabulation Area","85357","AZ","85357","=""85357""","405","2020-2024","2020","Census","Arizona (State)"
"Zip Code Tabulation Area","85360","AZ","85360","=""85360""","130","2020-2024","2020","Census","Arizona (State)"
"Zip Code Tabulation Area","85361","AZ","85361","=""85361""","7991","2020-2024","2020","Census","Arizona (State)"
"Zip Code Tabulation Area","85362","AZ","85362","=""85362""","638","2020-2024","2020","Census","Arizona (State)"
"Zip Code Tabulation Area","85363","AZ","85363","=""85363""","7015","2020-2024","2020","Census","Arizona (State)"
"Zip Code Tabulation Area","85364","AZ","85364","=""85364""","72960","2020-2024","2020","Census","Arizona (State)"
"Zip Code Tabulation Area","85365","AZ","85365","=""85365""","54775","2020-2024","2020","Census","Arizona (State)"
"Zip Code Tabulation Area","85367","AZ","85367","=""85367""","22074","2020-2024","2020","Census","Arizona (State)"
"Zip Code Tabulation Area","85371","AZ","85371","=""85371""","111","2020-2024","2020","Census","Arizona (State)"
"Zip Code Tabulation Area","85373","AZ","85373","=""85373""","20254","2020-2024","2020","Census","Arizona (State)"
"Zip Code Tabulation Area","85374","AZ","85374","=""85374""","41420","2020-2024","2020","Census","Arizona (State)"
"Zip Code Tabulation Area","85375","AZ","85375","=""85375""","27680","2020-2024","2020","Census","Arizona (State)"
"Zip Code Tabulation Area","85377","AZ","85377","=""85377""","3437","2020-2024","2020","Census","Arizona (State)"
"Zip Code Tabulation Area","85378","AZ","85378","=""85378""","9765","2020-2024","2020","Census","Arizona (State)"
"Zip Code Tabulation Area","85379","AZ","85379","=""85379""","51035","2020-2024","2020","Census","Arizona (State)"
"Zip Code Tabulation Area","85381","AZ","85381","=""85381""","27650","2020-2024","2020","Census","Arizona (State)"
"Zip Code Tabulation Area","85382","AZ","85382","=""85382""","43729","2020-2024","2020","Census","Arizona (State)"
"Zip Code Tabulation Area","85383","AZ","85383","=""85383""","74390","2020-2024","2020","Census","Arizona (State)"
"Zip Code Tabulation Area","85387","AZ","85387","=""85387""","22442","2020-2024","2020","Census","Arizona (State)"
"Zip Code Tabulation Area","85388","AZ","85388","=""85388""","35369","2020-2024","2020","Census","Arizona (State)"
"Zip Code Tabulation Area","85390","AZ","85390","=""85390""","10298","2020-2024","2020","Census","Arizona (State)"
"Zip Code Tabulation Area","85392","AZ","85392","=""85392""","39079","2020-2024","2020","Census","Arizona (State)"
"Zip Code Tabulation Area","85395","AZ","85395","=""85395""","40414","2020-2024","2020","Census","Arizona (State)"
"Zip Code Tabulation Area","85396","AZ","85396","=""85396""","42181","2020-2024","2020","Census","Arizona (State)"
"Zip Code Tabulation Area","85501","AZ","85501","=""85501""","12395","2020-2024","2020","Census","Arizona (State)"
"Zip Code Tabulation Area","85530","AZ","85530","=""85530""","1967","2020-2024","2020","Census","Arizona (State)"
"Zip Code Tabulation Area","85531","AZ","85531","=""85531""","657","2020-2024","2020","Census","Arizona (State)"
"Zip Code Tabulation Area","85532","AZ","85532","=""85532""","331","2020-2024","2020","Census","Arizona (State)"
"Zip Code Tabulation Area","85533","AZ","85533","=""85533""","2607","2020-2024","2020","Census","Arizona (State)"
"Zip Code Tabulation Area","85534","AZ","85534","=""85534""","2672","2020-2024","2020","Census","Arizona (State)"
"Zip Code Tabulation Area","85535","AZ","85535","=""85535""","42","2020-2024","2020","Census","Arizona (State)"
"Zip Code Tabulation Area","85536","AZ","85536","=""85536""","355","2020-2024","2020","Census","Arizona (State)"
"Zip Code Tabulation Area","85539","AZ","85539","=""85539""","3386","2020-2024","2020","Census","Arizona (State)"
"Zip Code Tabulation Area","85540","AZ","85540","=""85540""","3992","2020-2024","2020","Census","Arizona (State)"
"Zip Code Tabulation Area","85541","AZ","85541","=""85541""","23382","2020-2024","2020","Census","Arizona (State)"
"Zip Code Tabulation Area","85542","AZ","85542","=""85542""","2885","2020-2024","2020","Census","Arizona (State)"
"Zip Code Tabulation Area","85543","AZ","85543","=""85543""","4868","2020-2024","2020","Census","Arizona (State)"
"Zip Code Tabulation Area","85544","AZ","85544","=""85544""","2834","2020-2024","2020","Census","Arizona (State)"
"Zip Code Tabulation Area","85545","AZ","85545","=""85545""","604","2020-2024","2020","Census","Arizona (State)"
"Zip Code Tabulation Area","85546","AZ","85546","=""85546""","20809","2020-2024","2020","Census","Arizona (State)"
"Zip Code Tabulation Area","85550","AZ","85550","=""85550""","5696","2020-2024","2020","Census","Arizona (State)"
"Zip Code Tabulation Area","85551","AZ","85551","=""85551""","361","2020-2024","2020","Census","Arizona (State)"
"Zip Code Tabulation Area","85552","AZ","85552","=""85552""","6861","2020-2024","2020","Census","Arizona (State)"
"Zip Code Tabulation Area","85553","AZ","85553","=""85553""","1755","2020-2024","2020","Census","Arizona (State)"
"Zip Code Tabulation Area","85554","AZ","85554","=""85554""","309","2020-2024","2020","Census","Arizona (State)"
"Zip Code Tabulation Area","85601","AZ","85601","=""85601""","268","2020-2024","2020","Census","Arizona (State)"
"Zip Code Tabulation Area","85602","AZ","85602","=""85602""","10019","2020-2024","2020","Census","Arizona (State)"
"Zip Code Tabulation Area","85603","AZ","85603","=""85603""","6699","2020-2024","2020","Census","Arizona (State)"
"Zip Code Tabulation Area","85605","AZ","85605","=""85605""","683","2020-2024","2020","Census","Arizona (State)"
"Zip Code Tabulation Area","85606","AZ","85606","=""85606""","1066","2020-2024","2020","Census","Arizona (State)"
"Zip Code Tabulation Area","85607","AZ","85607","=""85607""","17191","2020-2024","2020","Census","Arizona (State)"
"Zip Code Tabulation Area","85608","AZ","85608","=""85608""","2804","2020-2024","2020","Census","Arizona (State)"
"Zip Code Tabulation Area","85609","AZ","85609","=""85609""","426","2020-2024","2020","Census","Arizona (State)"
"Zip Code Tabulation Area","85610","AZ","85610","=""85610""","576","2020-2024","2020","Census","Arizona (State)"
"Zip Code Tabulation Area","85611","AZ","85611","=""85611""","1454","2020-2024","2020","Census","Arizona (State)"
"Zip Code Tabulation Area","85613","AZ","85613","=""85613""","4983","2020-2024","2020","Census","Arizona (State)"
"Zip Code Tabulation Area","85614","AZ","85614","=""85614""","25381","2020-2024","2020","Census","Arizona (State)"
"Zip Code Tabulation Area","85615","AZ","85615","=""85615""","10175","2020-2024","2020","Census","Arizona (State)"
"Zip Code Tabulation Area","85616","AZ","85616","=""85616""","4941","2020-2024","2020","Census","Arizona (State)"
"Zip Code Tabulation Area","85617","AZ","85617","=""85617""","1094","2020-2024","2020","Census","Arizona (State)"
"Zip Code Tabulation Area","85618","AZ","85618","=""85618""","1550","2020-2024","2020","Census","Arizona (State)"
"Zip Code Tabulation Area","85619","AZ","85619","=""85619""","0","2020-2024","2020","Census","Arizona (State)"
"Zip Code Tabulation Area","85620","AZ","85620","=""85620""","988","2020-2024","2020","Census","Arizona (State)"
"Zip Code Tabulation Area","85621","AZ","85621","=""85621""","21593","2020-2024","2020","Census","Arizona (State)"
"Zip Code Tabulation Area","85622","AZ","85622","=""85622""","6518","2020-2024","2020","Census","Arizona (State)"
"Zip Code Tabulation Area","85623","AZ","85623","=""85623""","5558","2020-2024","2020","Census","Arizona (State)"
"Zip Code Tabulation Area","85624","AZ","85624","=""85624""","1546","2020-2024","2020","Census","Arizona (State)"
"Zip Code Tabulation Area","85625","AZ","85625","=""85625""","1917","2020-2024","2020","Census","Arizona (State)"
"Zip Code Tabulation Area","85626","AZ","85626","=""85626""","1332","2020-2024","2020","Census","Arizona (State)"
"Zip Code Tabulation Area","85627","AZ","85627","=""85627""","430","2020-2024","2020","Census","Arizona (State)"
"Zip Code Tabulation Area","85629","AZ","85629","=""85629""","31668","2020-2024","2020","Census","Arizona (State)"
"Zip Code Tabulation Area","85630","AZ","85630","=""85630""","1939","2020-2024","2020","Census","Arizona (State)"
"Zip Code Tabulation Area","85631","AZ","85631","=""85631""","3508","2020-2024","2020","Census","Arizona (State)"
"Zip Code Tabulation Area","85632","AZ","85632","=""85632""","861","2020-2024","2020","Census","Arizona (State)"
"Zip Code Tabulation Area","85633","AZ","85633","=""85633""","48","2020-2024","2020","Census","Arizona (State)"
"Zip Code Tabulation Area","85634","AZ","85634","=""85634""","5038","2020-2024","2020","Census","Arizona (State)"
"Zip Code Tabulation Area","85635","AZ","85635","=""85635""","34193","2020-2024","2020","Census","Arizona (State)"
"Zip Code Tabulation Area","85637","AZ","85637","=""85637""","1105","2020-2024","2020","Census","Arizona (State)"
"Zip Code Tabulation Area","85638","AZ","85638","=""85638""","1418","2020-2024","2020","Census","Arizona (State)"
"Zip Code Tabulation Area","85639","AZ","85639","=""85639""","166","2020-2024","2020","Census","Arizona (State)"
"Zip Code Tabulation Area","85640","AZ","85640","=""85640""","207","2020-2024","2020","Census","Arizona (State)"
"Zip Code Tabulation Area","85641","AZ","85641","=""85641""","34752","2020-2024","2020","Census","Arizona (State)"
"Zip Code Tabulation Area","85643","AZ","85643","=""85643""","8476","2020-2024","2020","Census","Arizona (State)"
"Zip Code Tabulation Area","85645","AZ","85645","=""85645""","1249","2020-2024","2020","Census","Arizona (State)"
"Zip Code Tabulation Area","85646","AZ","85646","=""85646""","1345","2020-2024","2020","Census","Arizona (State)"
"Zip Code Tabulation Area","85648","AZ","85648","=""85648""","22118","2020-2024","2020","Census","Arizona (State)"
"Zip Code Tabulation Area","85650","AZ","85650","=""85650""","14876","2020-2024","2020","Census","Arizona (State)"
"Zip Code Tabulation Area","85653","AZ","85653","=""85653""","23574","2020-2024","2020","Census","Arizona (State)"
"Zip Code Tabulation Area","85654","AZ","85654","=""85654""","0","2020-2024","2020","Census","Arizona (State)"
"Zip Code Tabulation Area","85658","AZ","85658","=""85658""","16051","2020-2024","2020","Census","Arizona (State)"
"Zip Code Tabulation Area","85701","AZ","85701","=""85701""","5498","2020-2024","2020","Census","Arizona (State)"
"Zip Code Tabulation Area","85704","AZ","85704","=""85704""","35210","2020-2024","2020","Census","Arizona (State)"
"Zip Code Tabulation Area","85705","AZ","85705","=""85705""","54700","2020-2024","2020","Census","Arizona (State)"
"Zip Code Tabulation Area","85706","AZ","85706","=""85706""","54236","2020-2024","2020","Census","Arizona (State)"
"Zip Code Tabulation Area","85707","AZ","85707","=""85707""","581","2020-2024","2020","Census","Arizona (State)"
"Zip Code Tabulation Area","85708","AZ","85708","=""85708""","4312","2020-2024","2020","Census","Arizona (State)"
"Zip Code Tabulation Area","85709","AZ","85709","=""85709""","0","2020-2024","2020","Census","Arizona (State)"
"Zip Code Tabulation Area","85710","AZ","85710","=""85710""","56125","2020-2024","2020","Census","Arizona (State)"
"Zip Code Tabulation Area","85711","AZ","85711","=""85711""","42558","2020-2024","2020","Census","Arizona (State)"
"Zip Code Tabulation Area","85712","AZ","85712","=""85712""","31571","2020-2024","2020","Census","Arizona (State)"
"Zip Code Tabulation Area","85713","AZ","85713","=""85713""","46439","2020-2024","2020","Census","Arizona (State)"
"Zip Code Tabulation Area","85714","AZ","85714","=""85714""","14498","2020-2024","2020","Census","Arizona (State)"
"Zip Code Tabulation Area","85715","AZ","85715","=""85715""","19198","2020-2024","2020","Census","Arizona (State)"
"Zip Code Tabulation Area","85716","AZ","85716","=""85716""","32976","2020-2024","2020","Census","Arizona (State)"
"Zip Code Tabulation Area","85718","AZ","85718","=""85718""","28125","2020-2024","2020","Census","Arizona (State)"
"Zip Code Tabulation Area","85719","AZ","85719","=""85719""","51833","2020-2024","2020","Census","Arizona (State)"
"Zip Code Tabulation Area","85721","AZ","85721","=""85721""","0","2020-2024","2020","Census","Arizona (State)"
"Zip Code Tabulation Area","85723","AZ","85723","=""85723""","244","2020-2024","2020","Census","Arizona (State)"
"Zip Code Tabulation Area","85724","AZ","85724","=""85724""","0","2020-2024","2020","Census","Arizona (State)"
"Zip Code Tabulation Area","85726","AZ","85726","=""85726""","0","2020-2024","2020","Census","Arizona (State)"
"Zip Code Tabulation Area","85730","AZ","85730","=""85730""","39399","2020-2024","2020","Census","Arizona (State)"
"Zip Code Tabulation Area","85734","AZ","85734","=""85734""","4797","2020-2024","2020","Census","Arizona (State)"
"Zip Code Tabulation Area","85735","AZ","85735","=""85735""","10718","2020-2024","2020","Census","Arizona (State)"
"Zip Code Tabulation Area","85736","AZ","85736","=""85736""","4219","2020-2024","2020","Census","Arizona (State)"
"Zip Code Tabulation Area","85737","AZ","85737","=""85737""","22785","2020-2024","2020","Census","Arizona (State)"
"Zip Code Tabulation Area","85739","AZ","85739","=""85739""","18478","2020-2024","2020","Census","Arizona (State)"
"Zip Code Tabulation Area","85741","AZ","85741","=""85741""","33679","2020-2024","2020","Census","Arizona (State)"
"Zip Code Tabulation Area","85742","AZ","85742","=""85742""","31613","2020-2024","2020","Census","Arizona (State)"
"Zip Code Tabulation Area","85743","AZ","85743","=""85743""","31300","2020-2024","2020","Census","Arizona (State)"
"Zip Code Tabulation Area","85745","AZ","85745","=""85745""","36999","2020-2024","2020","Census","Arizona (State)"
"Zip Code Tabulation Area","85746","AZ","85746","=""85746""","42835","2020-2024","2020","Census","Arizona (State)"
"Zip Code Tabulation Area","85747","AZ","85747","=""85747""","27753","2020-2024","2020","Census","Arizona (State)"
"Zip Code Tabulation Area","85748","AZ","85748","=""85748""","20103","2020-2024","2020","Census","Arizona (State)"
"Zip Code Tabulation Area","85749","AZ","85749","=""85749""","18843","2020-2024","2020","Census","Arizona (State)"
"Zip Code Tabulation Area","85750","AZ","85750","=""85750""","24886","2020-2024","2020","Census","Arizona (State)"
"Zip Code Tabulation Area","85755","AZ","85755","=""85755""","18560","2020-2024","2020","Census","Arizona (State)"
"Zip Code Tabulation Area","85756","AZ","85756","=""85756""","37700","2020-2024","2020","Census","Arizona (State)"
"Zip Code Tabulation Area","85757","AZ","85757","=""85757""","21259","2020-2024","2020","Census","Arizona (State)"
"Zip Code Tabulation Area","85901","AZ","85901","=""85901""","19533","2020-2024","2020","Census","Arizona (State)"
"Zip Code Tabulation Area","85902","AZ","85902","=""85902""","2","2020-2024","2020","Census","Arizona (State)"
"Zip Code Tabulation Area","85911","AZ","85911","=""85911""","2273","2020-2024","2020","Census","Arizona (State)"
"Zip Code Tabulation Area","85912","AZ","85912","=""85912""","170","2020-2024","2020","Census","Arizona (State)"
"Zip Code Tabulation Area","85920","AZ","85920","=""85920""","613","2020-2024","2020","Census","Arizona (State)"
"Zip Code Tabulation Area","85922","AZ","85922","=""85922""","141","2020-2024","2020","Census","Arizona (State)"
"Zip Code Tabulation Area","85923","AZ","85923","=""85923""","442","2020-2024","2020","Census","Arizona (State)"
"Zip Code Tabulation Area","85924","AZ","85924","=""85924""","2269","2020-2024","2020","Census","Arizona (State)"
"Zip Code Tabulation Area","85925","AZ","85925","=""85925""","4401","2020-2024","2020","Census","Arizona (State)"
"Zip Code Tabulation Area","85926","AZ","85926","=""85926""","710","2020-2024","2020","Census","Arizona (State)"
"Zip Code Tabulation Area","85927","AZ","85927","=""85927""","315","2020-2024","2020","Census","Arizona (State)"
"Zip Code Tabulation Area","85928","AZ","85928","=""85928""","424","2020-2024","2020","Census","Arizona (State)"
"Zip Code Tabulation Area","85929","AZ","85929","=""85929""","7451","2020-2024","2020","Census","Arizona (State)"
"Zip Code Tabulation Area","85930","AZ","85930","=""85930""","1374","2020-2024","2020","Census","Arizona (State)"
"Zip Code Tabulation Area","85931","AZ","85931","=""85931""","210","2020-2024","2020","Census","Arizona (State)"
"Zip Code Tabulation Area","85932","AZ","85932","=""85932""","894","2020-2024","2020","Census","Arizona (State)"
"Zip Code Tabulation Area","85933","AZ","85933","=""85933""","4388","2020-2024","2020","Census","Arizona (State)"
"Zip Code Tabulation Area","85934","AZ","85934","=""85934""","661","2020-2024","2020","Census","Arizona (State)"
"Zip Code Tabulation Area","85935","AZ","85935","=""85935""","4534","2020-2024","2020","Census","Arizona (State)"
"Zip Code Tabulation Area","85936","AZ","85936","=""85936""","3909","2020-2024","2020","Census","Arizona (State)"
"Zip Code Tabulation Area","85937","AZ","85937","=""85937""","9760","2020-2024","2020","Census","Arizona (State)"
"Zip Code Tabulation Area","85938","AZ","85938","=""85938""","2236","2020-2024","2020","Census","Arizona (State)"
"Zip Code Tabulation Area","85939","AZ","85939","=""85939""","3849","2020-2024","2020","Census","Arizona (State)"
"Zip Code Tabulation Area","85940","AZ","85940","=""85940""","1185","2020-2024","2020","Census","Arizona (State)"
"Zip Code Tabulation Area","85941","AZ","85941","=""85941""","10459","2020-2024","2020","Census","Arizona (State)"
"Zip Code Tabulation Area","85942","AZ","85942","=""85942""","0","2020-2024","2020","Census","Arizona (State)"
"Zip Code Tabulation Area","86001","AZ","86001","=""86001""","37312","2020-2024","2020","Census","Arizona (State)"
"Zip Code Tabulation Area","86003","AZ","86003","=""86003""","104","2020-2024","2020","Census","Arizona (State)"
"Zip Code Tabulation Area","86004","AZ","86004","=""86004""","36394","2020-2024","2020","Census","Arizona (State)"
"Zip Code Tabulation Area","86005","AZ","86005","=""86005""","17961","2020-2024","2020","Census","Arizona (State)"
"Zip Code Tabulation Area","86011","AZ","86011","=""86011""","4019","2020-2024","2020","Census","Arizona (State)"
"Zip Code Tabulation Area","86015","AZ","86015","=""86015""","1701","2020-2024","2020","Census","Arizona (State)"
"Zip Code Tabulation Area","86016","AZ","86016","=""86016""","44","2020-2024","2020","Census","Arizona (State)"
"Zip Code Tabulation Area","86017","AZ","86017","=""86017""","608","2020-2024","2020","Census","Arizona (State)"
"Zip Code Tabulation Area","86018","AZ","86018","=""86018""","1181","2020-2024","2020","Census","Arizona (State)"
"Zip Code Tabulation Area","86020","AZ","86020","=""86020""","1890","2020-2024","2020","Census","Arizona (State)"
"Zip Code Tabulation Area","86021","AZ","86021","=""86021""","4842","2020-2024","2020","Census","Arizona (State)"
"Zip Code Tabulation Area","86022","AZ","86022","=""86022""","1712","2020-2024","2020","Census","Arizona (State)"
"Zip Code Tabulation Area","86023","AZ","86023","=""86023""","1970","2020-2024","2020","Census","Arizona (State)"
"Zip Code Tabulation Area","86024","AZ","86024","=""86024""","1015","2020-2024","2020","Census","Arizona (State)"
"Zip Code Tabulation Area","86025","AZ","86025","=""86025""","5226","2020-2024","2020","Census","Arizona (State)"
"Zip Code Tabulation Area","86028","AZ","86028","=""86028""","47","2020-2024","2020","Census","Arizona (State)"
"Zip Code Tabulation Area","86029","AZ","86029","=""86029""","74","2020-2024","2020","Census","Arizona (State)"
"Zip Code Tabulation Area","86030","AZ","86030","=""86030""","658","2020-2024","2020","Census","Arizona (State)"
"Zip Code Tabulation Area","86031","AZ","86031","=""86031""","1818","2020-2024","2020","Census","Arizona (State)"
"Zip Code Tabulation Area","86032","AZ","86032","=""86032""","2209","2020-2024","2020","Census","Arizona (State)"
"Zip Code Tabulation Area","86033","AZ","86033","=""86033""","7392","2020-2024","2020","Census","Arizona (State)"
"Zip Code Tabulation Area","86034","AZ","86034","=""86034""","1983","2020-2024","2020","Census","Arizona (State)"
"Zip Code Tabulation Area","86035","AZ","86035","=""86035""","1612","2020-2024","2020","Census","Arizona (State)"
"Zip Code Tabulation Area","86036","AZ","86036","=""86036""","277","2020-2024","2020","Census","Arizona (State)"
"Zip Code Tabulation Area","86038","AZ","86038","=""86038""","184","2020-2024","2020","Census","Arizona (State)"
"Zip Code Tabulation Area","86039","AZ","86039","=""86039""","1177","2020-2024","2020","Census","Arizona (State)"
"Zip Code Tabulation Area","86040","AZ","86040","=""86040""","10595","2020-2024","2020","Census","Arizona (State)"
"Zip Code Tabulation Area","86042","AZ","86042","=""86042""","2019","2020-2024","2020","Census","Arizona (State)"
"Zip Code Tabulation Area","86043","AZ","86043","=""86043""","1916","2020-2024","2020","Census","Arizona (State)"
"Zip Code Tabulation Area","86044","AZ","86044","=""86044""","2921","2020-2024","2020","Census","Arizona (State)"
"Zip Code Tabulation Area","86045","AZ","86045","=""86045""","10319","2020-2024","2020","Census","Arizona (State)"
"Zip Code Tabulation Area","86046","AZ","86046","=""86046""","6574","2020-2024","2020","Census","Arizona (State)"
"Zip Code Tabulation Area","86047","AZ","86047","=""86047""","13899","2020-2024","2020","Census","Arizona (State)"
"Zip Code Tabulation Area","86052","AZ","86052","=""86052""","161","2020-2024","2020","Census","Arizona (State)"
"Zip Code Tabulation Area","86053","AZ","86053","=""86053""","2170","2020-2024","2020","Census","Arizona (State)"
"Zip Code Tabulation Area","86054","AZ","86054","=""86054""","1467","2020-2024","2020","Census","Arizona (State)"
"Zip Code Tabulation Area","86301","AZ","86301","=""86301""","27076","2020-2024","2020","Census","Arizona (State)"
"Zip Code Tabulation Area","86303","AZ","86303","=""86303""","19446","2020-2024","2020","Census","Arizona (State)"
"Zip Code Tabulation Area","86305","AZ","86305","=""86305""","19790","2020-2024","2020","Census","Arizona (State)"
"Zip Code Tabulation Area","86313","AZ","86313","=""86313""","149","2020-2024","2020","Census","Arizona (State)"
"Zip Code Tabulation Area","86314","AZ","86314","=""86314""","40317","2020-2024","2020","Census","Arizona (State)"
"Zip Code Tabulation Area","86315","AZ","86315","=""86315""","10684","2020-2024","2020","Census","Arizona (State)"
"Zip Code Tabulation Area","86320","AZ","86320","=""86320""","2351","2020-2024","2020","Census","Arizona (State)"
"Zip Code Tabulation Area","86321","AZ","86321","=""86321""","3065","2020-2024","2020","Census","Arizona (State)"
"Zip Code Tabulation Area","86322","AZ","86322","=""86322""","13020","2020-2024","2020","Census","Arizona (State)"
"Zip Code Tabulation Area","86323","AZ","86323","=""86323""","19666","2020-2024","2020","Census","Arizona (State)"
"Zip Code Tabulation Area","86324","AZ","86324","=""86324""","4776","2020-2024","2020","Census","Arizona (State)"
"Zip Code Tabulation Area","86325","AZ","86325","=""86325""","5363","2020-2024","2020","Census","Arizona (State)"
"Zip Code Tabulation Area","86326","AZ","86326","=""86326""","24852","2020-2024","2020","Census","Arizona (State)"
"Zip Code Tabulation Area","86327","AZ","86327","=""86327""","12154","2020-2024","2020","Census","Arizona (State)"
"Zip Code Tabulation Area","86329","AZ","86329","=""86329""","1328","2020-2024","2020","Census","Arizona (State)"
"Zip Code Tabulation Area","86331","AZ","86331","=""86331""","231","2020-2024","2020","Census","Arizona (State)"
"Zip Code Tabulation Area","86332","AZ","86332","=""86332""","2316","2020-2024","2020","Census","Arizona (State)"
"Zip Code Tabulation Area","86333","AZ","86333","=""86333""","6781","2020-2024","2020","Census","Arizona (State)"
"Zip Code Tabulation Area","86334","AZ","86334","=""86334""","4159","2020-2024","2020","Census","Arizona (State)"
"Zip Code Tabulation Area","86335","AZ","86335","=""86335""","4965","2020-2024","2020","Census","Arizona (State)"
"Zip Code Tabulation Area","86336","AZ","86336","=""86336""","11381","2020-2024","2020","Census","Arizona (State)"
"Zip Code Tabulation Area","86337","AZ","86337","=""86337""","1669","2020-2024","2020","Census","Arizona (State)"
"Zip Code Tabulation Area","86338","AZ","86338","=""86338""","542","2020-2024","2020","Census","Arizona (State)"
"Zip Code Tabulation Area","86343","AZ","86343","=""86343""","194","2020-2024","2020","Census","Arizona (State)"
"Zip Code Tabulation Area","86351","AZ","86351","=""86351""","6721","2020-2024","2020","Census","Arizona (State)"
"Zip Code Tabulation Area","86401","AZ","86401","=""86401""","30124","2020-2024","2020","Census","Arizona (State)"
"Zip Code Tabulation Area","86403","AZ","86403","=""86403""","18295","2020-2024","2020","Census","Arizona (State)"
"Zip Code Tabulation Area","86404","AZ","86404","=""86404""","19234","2020-2024","2020","Census","Arizona (State)"
"Zip Code Tabulation Area","86406","AZ","86406","=""86406""","25067","2020-2024","2020","Census","Arizona (State)"
"Zip Code Tabulation Area","86409","AZ","86409","=""86409""","30365","2020-2024","2020","Census","Arizona (State)"
"Zip Code Tabulation Area","86411","AZ","86411","=""86411""","579","2020-2024","2020","Census","Arizona (State)"
"Zip Code Tabulation Area","86413","AZ","86413","=""86413""","13143","2020-2024","2020","Census","Arizona (State)"
"Zip Code Tabulation Area","86426","AZ","86426","=""86426""","15467","2020-2024","2020","Census","Arizona (State)"
"Zip Code Tabulation Area","86429","AZ","86429","=""86429""","8619","2020-2024","2020","Census","Arizona (State)"
"Zip Code Tabulation Area","86431","AZ","86431","=""86431""","86","2020-2024","2020","Census","Arizona (State)"
"Zip Code Tabulation Area","86432","AZ","86432","=""86432""","3073","2020-2024","2020","Census","Arizona (State)"
"Zip Code Tabulation Area","86433","AZ","86433","=""86433""","74","2020-2024","2020","Census","Arizona (State)"
"Zip Code Tabulation Area","86434","AZ","86434","=""86434""","1667","2020-2024","2020","Census","Arizona (State)"
"Zip Code Tabulation Area","86435","AZ","86435","=""86435""","0","2020-2024","2020","Census","Arizona (State)"
"Zip Code Tabulation Area","86436","AZ","86436","=""86436""","1555","2020-2024","2020","Census","Arizona (State)"
"Zip Code Tabulation Area","86437","AZ","86437","=""86437""","55","2020-2024","2020","Census","Arizona (State)"
"Zip Code Tabulation Area","86438","AZ","86438","=""86438""","784","2020-2024","2020","Census","Arizona (State)"
"Zip Code Tabulation Area","86440","AZ","86440","=""86440""","8853","2020-2024","2020","Census","Arizona (State)"
"Zip Code Tabulation Area","86441","AZ","86441","=""86441""","1462","2020-2024","2020","Census","Arizona (State)"
"Zip Code Tabulation Area","86442","AZ","86442","=""86442""","34735","2020-2024","2020","Census","Arizona (State)"
"Zip Code Tabulation Area","86443","AZ","86443","=""86443""","0","2020-2024","2020","Census","Arizona (State)"
"Zip Code Tabulation Area","86444","AZ","86444","=""86444""","1528","2020-2024","2020","Census","Arizona (State)"
"Zip Code Tabulation Area","86445","AZ","86445","=""86445""","286","2020-2024","2020","Census","Arizona (State)"
"Zip Code Tabulation Area","86502","AZ","86502","=""86502""","836","2020-2024","2020","Census","Arizona (State)"
"Zip Code Tabulation Area","86503","AZ","86503","=""86503""","9911","2020-2024","2020","Census","Arizona (State)"
"Zip Code Tabulation Area","86504","AZ","86504","=""86504""","5760","2020-2024","2020","Census","Arizona (State)"
"Zip Code Tabulation Area","86505","AZ","86505","=""86505""","6779","2020-2024","2020","Census","Arizona (State)"
"Zip Code Tabulation Area","86506","AZ","86506","=""86506""","1218","2020-2024","2020","Census","Arizona (State)"
"Zip Code Tabulation Area","86507","AZ","86507","=""86507""","2207","2020-2024","2020","Census","Arizona (State)"
"Zip Code Tabulation Area","86508","AZ","86508","=""86508""","516","2020-2024","2020","Census","Arizona (State)"
"Zip Code Tabulation Area","86510","AZ","86510","=""86510""","4074","2020-2024","2020","Census","Arizona (State)"
"Zip Code Tabulation Area","86511","AZ","86511","=""86511""","3583","2020-2024","2020","Census","Arizona (State)"
"Zip Code Tabulation Area","86512","AZ","86512","=""86512""","2557","2020-2024","2020","Census","Arizona (State)"
"Zip Code Tabulation Area","86514","AZ","86514","=""86514""","2519","2020-2024","2020","Census","Arizona (State)"
"Zip Code Tabulation Area","86520","AZ","86520","=""86520""","2293","2020-2024","2020","Census","Arizona (State)"
"Zip Code Tabulation Area","86535","AZ","86535","=""86535""","1183","2020-2024","2020","Census","Arizona (State)"
"Zip Code Tabulation Area","86538","AZ","86538","=""86538""","1714","2020-2024","2020","Census","Arizona (State)"
"Zip Code Tabulation Area","86540","AZ","86540","=""86540""","1220","2020-2024","2020","Census","Arizona (State)"
"Zip Code Tabulation Area","86544","AZ","86544","=""86544""","1472","2020-2024","2020","Census","Arizona (State)"
"Zip Code Tabulation Area","86545","AZ","86545","=""86545""","780","2020-2024","2020","Census","Arizona (State)"
"Zip Code Tabulation Area","86547","AZ","86547","=""86547""","896","2020-2024","2020","Census","Arizona (State)"
"Zip Code Tabulation Area","86556","AZ","86556","=""86556""","2795","2020-2024","2020","Census","Arizona (State)"
